Target ID,Period,Power
144456191,1.0844027639161342 d,0.046937249445934144
441055500,1.0942100120413492 d,0.08647034577331489
422790055,1.0022533513063097 d,0.11072817369967496
177500431,1.0158804899380176 d,0.04542311299048523
291688847,1.032013169836707 d,0.01382926489650395
183984307,1.004511780204729 d,0.09581143961738452
77041172,1.022763383128764 d,0.038289993704534786
34035509,1.0113176469976008 d,0.12423054900940976
34015812,1.004511780204729 d,0.11785540846014492
248601764,1.11158660312765 d,0.03840599929827541
33986466,1.0204639194228904 d,0.048420608788267164
129633313,1.0484020445962006 d,0.013596995038000218
396194119,1.0090439165700738 d,0.021178353006285087
144382040,1.1343340218056186 d,0.20104942715412968
144376819,1.004511780204729 d,0.13102221692103505
431422583,1.1041059561003905 d,1.4488163697589151
2053342742,1.0067752981368567 d,0.24769635380503333
2733719,1.032013169836707 d,0.37259653493599165
288144896,1.053132204187607 d,0.0005161505168446594
325219117,1.0158804899380176 d,0.1690566916380628
327831847,1.0158804899380176 d,0.04404679951103819
186893986,1.0602674888485033 d,0.07903906839629511
345142414,6.247394411085376 d,1.1203861587686947
2055273342,1.0022533513063097 d,0.06287516542122101
277938251,1.0090439165700738 d,0.007710622478448604
336678031,6.851365336587748 d,0.06592053873440844
66419115,1.1016236110972628 d,0.049375539390937
8988748,1.0 d,0.001528341528316341
224270521,1.0090439165700738 d,0.027338661438238918
434105262,1.0113176469976008 d,0.1883729425774404
398573783,1.0204639194228904 d,0.14254478087926503
402339032,1.0135965009385568 d,0.002941844902894387
402027326,1.0090439165700738 d,0.016181868683727698
28579069,1.0436931305897938 d,0.03828549174934911
2055059079,1.0343386580610872 d,2.4653945698654054
333224807,1.004511780204729 d,0.006905652445217596
405170915,1.0113176469976008 d,0.06364945422683554
25769850,9.368110482025516 d,0.35925065163199504
422526868,1.0067752981368567 d,0.01180205453000138
354308207,1.0113176469976008 d,0.03911788613393831
435231234,1.1972955504515292 d,0.013306672670580845
435229564,1.0158804899380176 d,0.01715038938039842
9143444,1.0 d,1995092894.989952
435210243,1.0158804899380176 d,0.15767646884426526
243135276,1.0892953508403243 d,0.04305453698709582
381923120,1.0296929099729215 d,0.0520656071483865
422444008,1.018169625567074 d,0.016664055402884227
301256988,1.0 d,0.07937402372016558
21331268,1.0 d,0.015708753545461137
362965390,1.004511780204729 d,0.01821072253109344
188619138,1.0022533513063097 d,0.007352882323392964
435187907,1.0 d,0.028480842352499824
218978885,1.0413466108439275 d,0.055396520711635214
301135547,1.032013169836707 d,0.20629118048197664
318631844,1.0067752981368567 d,4.114121568064769
218970233,1.0626566439795377 d,0.1402850107541842
5796523,1.0390053667435133 d,0.09591354295577226
422609145,1.0 d,0.11094763209543804
4600989,1.0090439165700738 d,0.08478951300294195
4601217,1.0 d,0.02347667628532893
97173520,1.0067752981368567 d,0.13208822348885302
405173130,1.0771050560367692 d,0.000905638202001307
90884697,1.0158804899380176 d,0.03316179532525141
262568916,1.0 d,0.4090631391037244
455816370,9.389220126017841 d,28690.118222157304
260795156,8.61953566475303 d,13.928159727961534
268518702,1.0158804899380176 d,3.99648403257261
315301267,1.004511780204729 d,0.18059349964673244
204328293,1.004511780204729 d,0.013201869872184482
217978811,1.0158804899380176 d,0.02694151545939866
173387780,1.0 d,0.5287822009114619
217978865,1.0 d,0.02159987554521583
402891559,1.032013169836707 d,0.03788644637184459
392815631,1.0135965009385568 d,0.002745432265067328
436823466,1.0250680283341829 d,0.06403387130222025
252627215,1.0067752981368567 d,9.504151100566947
237328343,1.0022533513063097 d,0.6298318294977342
173175807,1.0296929099729215 d,0.4351799523043937
373928876,1.0390053667435133 d,1.3097154639800652
12933046,1.018169625567074 d,0.11336723576090071
2050727554,1.004511780204729 d,4.275088455398125
217329125,1.032013169836707 d,0.10733532579888504
111754737,1.0436931305897938 d,0.1451604767987833
36726784,1.0090439165700738 d,0.012134061034499525
237313246,1.0484020445962006 d,0.010708232312631722
237313550,1.018169625567074 d,0.1726355413055345
36694741,1.0296929099729215 d,0.01435431271531209
44195838,1.0413466108439275 d,0.008059735348141842
161291020,1.0113176469976008 d,0.028022564847768664
431472762,1.0022533513063097 d,0.08215953941560677
444160759,1.0 d,0.03631526075831261
435825249,1.0113176469976008 d,0.004031918208312179
129101920,1.018169625567074 d,0.07264663399891731
434196824,1.0135965009385568 d,0.08835807238979136
91513352,1.0158804899380176 d,0.15215858829173357
47338338,1.0135965009385568 d,0.03911607753945106
428244499,1.0 d,1.7143478873853444
250326099,1.0204639194228904 d,0.11786229671589231
161208596,1.0273778667148858 d,0.026296036700300836
118037792,1.022763383128764 d,0.5222519867093475
161175160,1.0892953508403243 d,0.07709401250742451
117517295,1.0390053667435133 d,0.0832539833175309
115741447,1.0158804899380176 d,0.016900318382392518
399518437,1.0722672220103233 d,0.07036754570797658
416036999,1.0795321521218224 d,0.45772235774713993
389010277,1.05550528101563 d,0.012732807131422615
253936074,8.736731189508772 d,2.3968947139436088
399570361,1.0067752981368567 d,0.025208850310535172
399571137,1.0273778667148858 d,0.13469645301782837
161154061,1.022763383128764 d,0.17679484686541275
125250375,1.0022533513063097 d,0.05170437993945533
293158354,1.0022533513063097 d,0.00495750829239931
403221905,1.0722672220103233 d,0.020476798792441995
89042812,1.004511780204729 d,0.012670832306683127
209363138,1.0090439165700738 d,0.025621437596292956
152926212,1.0067752981368567 d,0.1802736759095313
150692998,1.0158804899380176 d,0.07048543613172623
51813081,1.0067752981368567 d,0.10468694409783623
176104105,1.018169625567074 d,0.01346084302446912
69813909,1.0 d,0.006291752829256046
382421834,1.0250680283341829 d,0.013903630997995792
419841161,1.0158804899380176 d,0.01615264481861961
63281499,1.0795321521218224 d,0.07626731468827352
411339897,1.0204639194228904 d,0.0900558144364725
219331395,1.0868463043007703 d,0.13964265182393545
469904910,1.0484020445962006 d,0.06573642641819043
2028045216,1.004511780204729 d,0.29295120837208266
315138575,1.05550528101563 d,0.2074392814381064
144002497,1.0135965009385568 d,0.05900579831925289
375785769,1.004511780204729 d,0.16395641953542373
404580748,1.1420194729901316 d,0.06197059157109245
385468477,1.053132204187607 d,0.11802800909214947
39927600,1.0158804899380176 d,0.11635227907728102
278772261,1.0022533513063097 d,0.032049286979798565
441197076,1.0273778667148858 d,0.023257213274308196
394521800,1.0090439165700738 d,0.0180760342282265
404514669,1.0390053667435133 d,0.24472253165437435
431067687,1.0507644627129291 d,0.23128707417477407
206600616,1.05550528101563 d,0.1430158145210589
2028244270,1.0022533513063097 d,0.3059319536586697
278615066,1.0067752981368567 d,0.030069098934959845
143951121,1.0067752981368567 d,0.00013735925085416506
258861145,1.0250680283341829 d,0.2772084849077345
2019536314,1.3279054563714947 d,13.429087639019691
398552565,1.0273778667148858 d,0.00017330432795184192
97403206,1.0135965009385568 d,0.03593588859546973
456793980,1.0296929099729215 d,0.020681497388279683
75324965,1.0296929099729215 d,0.06327899784612491
372363437,1.0460449378689947 d,0.17248600453411694
162334232,1.0366693864273957 d,0.019683085688042258
26691554,6.564540031719883 d,55060.32537863521
2026602766,1.0067752981368567 d,0.15739013272129931
143854657,1.004511780204729 d,0.11721031713573594
427942736,1.114091398251884 d,0.2205842985149655
404722884,1.0067752981368567 d,0.17287510517014254
290404650,1.0113176469976008 d,0.008089702962690832
102183555,1.032013169836707 d,0.0528549958246132
393891914,1.0022533513063097 d,0.2905431555629473
197735254,1.0135965009385568 d,0.2248897866764063
102177920,9.5383255417549 d,0.2883150439508851
305557277,1.004511780204729 d,0.503253357277625
2000366026,1.0578837052194232 d,1.005189951830845
206409213,1.0022533513063097 d,0.31813026470514133
265530194,1.129239142993854 d,0.036426434265500726
283280702,1.004511780204729 d,0.0645596449564266
394015496,1.0204639194228904 d,0.1066961422635935
355209885,1.0250680283341829 d,0.060998798920220296
140045537,1.0067752981368567 d,1.0785497890690492
241160001,1.018169625567074 d,0.1719394733277998
197684103,1.0602674888485033 d,0.2191788545150356
393978659,1.0158804899380176 d,0.03892207424157014
152251299,1.0090439165700738 d,0.026631468289272046
241104752,1.0158804899380176 d,0.13195471871483083
455522746,1.053132204187607 d,3.304851589329402
329800842,1.0 d,-inf
405122007,1.0 d,0.0005670662911058869
2026216399,9.932702976032536 d,13.530867553255545
84198841,1.0135965009385568 d,0.08879702744819486
240905045,1.0 d,0.044122470648286435
283414280,9.799464547120259 d,612192.8654866361
2028631542,9.474135449495606 d,612919.0069341126
385057147,1.0413466108439275 d,0.12377183223696743
287926830,1.0022533513063097 d,0.23468081100146504
16783095,1.0158804899380176 d,0.014116743255856884
147423571,1.0343386580610872 d,0.15924581715001987
270259091,9.15960684216839 d,0.11437229222754478
2024418048,1.032013169836707 d,0.0432947093963404
287443040,1.0067752981368567 d,0.4243211030245977
2007480435,1.0158804899380176 d,0.14750204528815483
354568302,1.0273778667148858 d,0.0008909296571288665
239631587,9.200932975001987 d,2694.164651053824
297877352,1.022763383128764 d,0.17093567794773873
204440456,1.0113176469976008 d,0.006166120483284854
262305320,1.0507644627129291 d,7.94677317614808
139831293,1.053132204187607 d,0.013787535034192177
305506867,1.0578837052194232 d,0.12617680104392004
320965107,1.0296929099729215 d,0.1342945007193838
320940332,1.0674511171902683 d,0.0033951055994517754
367457851,1.0484020445962006 d,0.10443835981377074
266594895,1.1972955504515292 d,0.2916287294328023
382315106,1.0484020445962006 d,0.234309534726433
330101285,1.0578837052194232 d,0.01564374067523146
2028639478,1.2384090729565456 d,0.12595672571231883
147266280,1.0090439165700738 d,340236380.7903573
2027687774,1.032013169836707 d,0.17832477901566887
305190194,1.0204639194228904 d,0.11010512811102836
88591358,1.0022533513063097 d,0.10353471458883175
264452548,1.0 d,0.14349143492818808
389662085,1.0090439165700738 d,0.27910926429088595
269020902,1.032013169836707 d,0.00994128056845955
160512940,1.0 d,0.5648200542721051
352752386,1.0892953508403243 d,0.057934068722999554
99730808,1.0 d,0.10293579176546021
2023644871,1.0698564595596107 d,0.21181184110075318
99673488,1.0 d,0.1914109704477465
99673513,1.0250680283341829 d,0.028600436376660425
316271332,1.0578837052194232 d,0.05169079819774682
147112823,1.0022533513063097 d,0.03137004424029432
231692694,1.0250680283341829 d,0.1618446823893661
14976740,1.0204639194228904 d,0.00960706982936998
125580300,1.0 d,0.03553644679983104
163802843,1.0722672220103233 d,2.4715310671690447
2018724911,8.875474761254932 d,12013517.890903145
321547580,1.0158804899380176 d,34.46179019556455
302299317,1.0113176469976008 d,0.001747305369872886
315136775,1.004511780204729 d,0.1460948848796857
231668155,1.053132204187607 d,0.013170181357175147
314771701,1.0158804899380176 d,0.0012822871464089212
79353860,1.0674511171902683 d,0.16893289127956382
376362649,1.0390053667435133 d,0.10405611451568648
159746320,1.0343386580610872 d,0.12955665895861201
1976379547,1.004511780204729 d,0.3637313462639329
323009972,1.0090439165700738 d,0.03069218645090469
410414842,1.018169625567074 d,0.18966700863108024
1981843319,1.0022533513063097 d,0.06712236419784653
387327138,1.0022533513063097 d,0.013680192695150003
388079618,1.004511780204729 d,0.18042918126773552
403995834,1.0 d,0.0028123198476709206
259773610,1.0067752981368567 d,0.0057098449471730175
289934729,1.0507644627129291 d,0.10982909077067957
292831588,1.0626566439795377 d,0.35398965665450405
126022532,1.0 d,0.4842044887336587
376020501,1.0366693864273957 d,96.38432130748603
136513972,1.0484020445962006 d,0.9029094792352059
115108925,1.0 d,0.04370970231043662
283903463,1.0090439165700738 d,0.6770455042868037
248908169,1.0698564595596107 d,0.33955851657644376
115042302,1.0113176469976008 d,0.2738106784720583
79056222,1.0158804899380176 d,0.01820301343982694
115013365,1.018169625567074 d,0.20545175483039146
428831740,1.0135965009385568 d,0.02273107525491646
456724995,1.0602674888485033 d,0.3232536485518464
258470866,1.0892953508403243 d,0.07268244323896926
459719950,1.0 d,0.03786414027196207
248861930,1.0022533513063097 d,0.025932228781721373
79020922,1.152347801825254 d,0.030409119969375963
126660367,1.0022533513063097 d,0.07786969317427231
289467229,1.0090439165700738 d,0.07084898955958972
289340949,1.0158804899380176 d,0.7069064629754243
428404202,1.0 d,0.7947552011785923
354495184,1.0022533513063097 d,0.11046166223270118
29477026,1.0067752981368567 d,0.06549972249716009
345265261,1.0 d,0.3516315139705835
419411618,1.0022533513063097 d,0.555734045759069
248735093,1.0771050560367692 d,0.033980798795803104
248730637,1.0090439165700738 d,0.07867715928551625
283063053,1.0067752981368567 d,1068903.303515179
29257211,1.0113176469976008 d,0.013150885030986917
152250936,10.0 d,0.3054392521025357
51820346,1.0390053667435133 d,0.0678696133298317
1989330796,1.0 d,28584599.377524313
353096380,1.0250680283341829 d,0.1702880571279079
372172502,1.0135965009385568 d,0.21480182716708068
194061710,1.0022533513063097 d,0.46108680862327917
232951587,9.755450100468742 d,285.8004897666187
340999692,1.1191179337687758 d,0.053011786674776094
366740395,1.0204639194228904 d,1.1470023519281152
1959621869,1.0 d,0.9870662894684088
66488952,1.0746834167557533 d,0.4239478126176026
282072868,1.0966756516013596 d,1.6022389231274572
341162644,1.0113176469976008 d,0.19154174502135105
372109346,1.032013169836707 d,0.0031334833197588113
66140007,1.0413466108439275 d,0.3386447347401678
1990832724,1.0366693864273957 d,0.012088404393841871
340803443,1.0022533513063097 d,0.3517654850704631
248136622,1.241199643658838 d,0.3195149374199757
291061781,1.0090439165700738 d,0.015744927352751903
441357923,1.0507644627129291 d,0.01989897461850507
351558953,1.0090439165700738 d,0.3131115514119425
100603346,1.053132204187607 d,0.00956461052426255
456645161,1.0022533513063097 d,0.07306095902271652
456663229,1.0022533513063097 d,0.09786005293530409
212289921,1.0135965009385568 d,0.05126186446795513
314174614,1.0 d,0.12245112632998095
212254842,1.199993477944178 d,0.09381350013930356
417131337,1.0158804899380176 d,0.09590625405799634
16200170,1.2637517764381048 d,0.007868525545173064
158571010,1.0 d,0.07801086063152714
277235925,1.0090439165700738 d,0.40111009855066104
467224218,1.0090439165700738 d,0.6675418634556938
199179022,1.0602674888485033 d,2.3046828855462484
264027491,1.0 d,0.16128827461331402
404643334,1.1706476494972367 d,1.1773433831299505
428969253,7.231652294935797 d,0.11805919204734448
425819601,1.0390053667435133 d,0.09938151665031
157145180,1.0022533513063097 d,0.058363095639078946
402959206,1.0343386580610872 d,1.2154388658908066
318020620,1.004511780204729 d,0.1245920155719515
166548685,1.0090439165700738 d,0.14283579840244182
34515703,9.821546183358649 d,0.012155366733392426
314167396,1.0067752981368567 d,1.3088376008832727
1968420005,1.0626566439795377 d,0.33772651597238085
387194629,1.032013169836707 d,0.006684287415200402
203054851,1.004511780204729 d,1.4601156225275123
244088526,1.0413466108439275 d,0.08712355232951861
205447297,1.0067752981368567 d,0.0822774821292366
360821180,1.0067752981368567 d,0.07653498935482592
380298520,1.2054075847637704 d,0.48215921368388664
92633917,1.0090439165700738 d,0.0388210668913747
1964583807,1.004511780204729 d,731286.999078746
48938394,1.004511780204729 d,0.0009091392549400447
236865474,1.0 d,0.020705801444742815
469826577,1.0 d,0.24122554887676428
1990094034,1.022763383128764 d,0.02184207209308761
233418152,1.0022533513063097 d,0.15586057057009797
466199456,1.0135965009385568 d,0.002238044274935973
86408822,1.0771050560367692 d,0.20223365356997214
48787590,1.0296929099729215 d,0.15822075974148142
422043386,1.0022533513063097 d,0.6025885326629606
233390225,1.004511780204729 d,0.063459551918856
129031954,1.018169625567074 d,0.08009990566136431
421990667,1.0390053667435133 d,0.03245335047271704
301149358,9.865858841008558 d,0.2619981242614594
101359698,1.0022533513063097 d,0.059621302683287226
256755145,1.157546941826492 d,0.5266884975893956
183422729,6.360907228304629 d,0.7030778602366505
374341747,1.0273778667148858 d,0.060084700444303064
256459794,1.0158804899380176 d,0.04865313357995088
80171044,1.004511780204729 d,0.06411980100061163
238047258,1.0460449378689947 d,0.11570242230718923
11716579,1.0390053667435133 d,7.114271379888235
238053018,1.152347801825254 d,0.2534775287645271
11626063,1.0250680283341829 d,0.16243168634049462
300284179,1.0113176469976008 d,0.014438513684839463
273241757,9.602950541026686 d,6262.307688142406
79956635,1.0204639194228904 d,0.03364984306057344
69872638,1.0343386580610872 d,0.14771608605604233
97671864,1.0158804899380176 d,0.008345630219819093
344063283,1.0022533513063097 d,1.5934154325711654
79755479,1.0366693864273957 d,0.019057041054015084
299749573,1.0067752981368567 d,0.010317804681443169
27688847,1.0296929099729215 d,0.006681380452789044
229485883,1.0436931305897938 d,0.09064841240708173
184065812,1.0460449378689947 d,0.5746173606507828
1908147782,1.0 d,1.7349966141661086
1859153737,1.018169625567074 d,2969402.4094394506
69690429,1.0204639194228904 d,0.03188542296446272
424699808,1.0 d,0.05546820451016971
444074627,1.0296929099729215 d,0.274764659956079
1859784934,1.0022533513063097 d,36066720.05166346
404156391,1.1865643613623453 d,839.7921138593196
213491238,1.004511780204729 d,0.011887285153079052
439180496,6.82059232315959 d,19.263935642029164
424944753,1.0296929099729215 d,0.2727987975373606
1846689686,1.018169625567074 d,0.34597387611348535
376718305,1.0 d,1.1026489328759705
224187656,1.0022533513063097 d,0.021579593311971065
1920376931,1.0067752981368567 d,1.0794769440074903
134846687,7.346494476440768 d,0.04796330533430051
1884597797,1.1892381077160417 d,0.05396905382372629
415546033,1.004511780204729 d,0.6081682679862512
1911836781,1.1041059561003905 d,0.9421711185810646
382468751,1.018169625567074 d,0.5814738101245484
62918265,1.0296929099729215 d,10.458868358441046
364154544,1.004511780204729 d,0.3604377826555939
424837968,1.0113176469976008 d,0.09128755288404003
1852262320,1.0090439165700738 d,0.2109996281051392
391226933,1.0296929099729215 d,0.5433437044385886
338305380,1.0135965009385568 d,0.015548557470214615
112533779,1.0578837052194232 d,0.6304050425594431
324788652,1.1420194729901316 d,0.9541360646316546
3567346,1.0067752981368567 d,0.010087774877027358
61965938,1.1368900748554458 d,1.1375183712784263
98120806,1.0 d,0.003572396871084488
122139438,1.018169625567074 d,0.7094966854843814
394178499,1.0158804899380176 d,0.006043302549105802
30714849,8.221593718918115 d,871.6721180605743
219942866,1.0892953508403243 d,0.5111971438649857
229966905,1.0273778667148858 d,0.02119759750461698
267544200,1.0722672220103233 d,0.017008631018540644
159048032,8.11130830789687 d,1.5274331467243403
211633150,1.018169625567074 d,1.7908066074968854
160751823,8.717088526689938 d,3.699749623188562
205037919,6.759460327895381 d,0.2084227317945796
31631062,1.004511780204729 d,0.0680288740848383
201658043,1.0 d,0.05057020370992328
397832671,1.0113176469976008 d,0.4692215087670597
29898428,1.0090439165700738 d,2.4516409159966894
298900716,1.0 d,0.002889884010212526
49472361,1.0135965009385568 d,0.035663885070805694
310441230,6.78995752719743 d,1.0552060584103062
451788628,8.54227999714068 d,0.7062331426031176
120968638,1.0484020445962006 d,0.09592396517257278
42550954,1.0067752981368567 d,1.6136753473033676
7088082,1.0090439165700738 d,0.011888862563328495
230384389,1.0135965009385568 d,0.012948947538295253
1802959882,1.0 d,913696782.1037287
229797408,1.0484020445962006 d,0.00040360238541742446
222612556,1.032013169836707 d,145.91430018741931
20609183,1.0067752981368567 d,0.04501614368668104
1716398518,1.0135965009385568 d,0.057133034567685245
1754231033,1.1653896674647735 d,25333600.460287113
232681995,1.0 d,0.11180606936151516
390131308,1.0296929099729215 d,0.09194976792818171
427832606,1.0 d,1.4322793437633614
330191759,4.610352322114503 d,8390964.306498492
1785994499,1.053132204187607 d,1.5423273149620773
229762574,1.0090439165700738 d,0.04412581524448701
304704850,1.0113176469976008 d,0.42528356342474855
1815289790,1.0135965009385568 d,0.07903954913107142
110639468,1.0343386580610872 d,0.11630588753313165
1746508961,1.0343386580610872 d,352952764.3937517
1816553323,1.139451887590752 d,0.025519520681098466
351918143,1.022763383128764 d,0.07962230025507029
47875421,1.004511780204729 d,0.08784279505482093
233528682,1.004511780204729 d,1.6789795396581955
157849707,1.0090439165700738 d,0.09415899264061779
158063848,1.032013169836707 d,0.3462815623896467
424461085,1.018169625567074 d,0.0429758637948527
344165518,1.0250680283341829 d,0.22088117816313535
344130696,1.0022533513063097 d,0.042249282623411384
314937398,1.0650511827164075 d,0.579162984822295
7988895,1.022763383128764 d,0.36007961959417395
63685911,1.0844027639161342 d,0.4179613714900612
304696712,1.0250680283341829 d,0.045329922137077865
272528943,1.0 d,2.081794904841403
1661530191,1.0296929099729215 d,5.899803646601243
122885127,1.0250680283341829 d,0.04823041742444779
390019679,1.0067752981368567 d,0.01428369246134376
24198408,1.0022533513063097 d,1.1935041667511537
344984889,1.0158804899380176 d,1.191802470961926
365958965,1.0746834167557533 d,0.3891974178599674
51707017,1.0158804899380176 d,1.2562277040120895
131606143,1.004511780204729 d,0.0363282002328627
85339363,1.004511780204729 d,1.6492369866184367
23936802,8.523074516046172 d,5328.760317638342
288753941,1.0771050560367692 d,0.01037507301777507
157101761,1.0022533513063097 d,0.09376315670595121
65093294,1.0113176469976008 d,2.1479558594339063
156747281,1.0273778667148858 d,0.39702090747818236
233688182,1.004511780204729 d,0.2927880069106378
357686299,1.0113176469976008 d,0.012543633261780414
1671955069,1.004511780204729 d,14625745.704873659
1659166683,9.410377337454033 d,56390494.647544384
349993999,1.0942100120413492 d,0.0352603709064522
313894558,1.0626566439795377 d,0.10071158456202281
235612536,1.022763383128764 d,0.4121913666131475
313812497,1.0484020445962006 d,0.017413641543899246
250664184,1.0 d,0.15857374125749504
332689126,7.598763238214933 d,12.176972524008562
17787432,7.199171216749611 d,0.2819483770765533
41740004,7.118605354235147 d,22.864018762079525
135411351,1.0366693864273957 d,0.33340078133216
327850372,1.0942100120413492 d,0.6166423285127347
288470165,1.0 d,0.012492167293837887
382939950,1.139451887590752 d,0.04392395525778551
1681377405,1.0067752981368567 d,0.2972942791999104
414670123,1.0343386580610872 d,0.30200667866266034
158965515,1.032013169836707 d,0.12769066067859616
295177299,1.0090439165700738 d,0.17570279632317803
219099282,1.0868463043007703 d,0.009278219065880573
380829785,1.0413466108439275 d,0.5298877371877746
1493804858,1.022763383128764 d,0.16043704521348498
76392634,1.0204639194228904 d,1.4579085008535706
380779964,1.004511780204729 d,1.4007225693540877
380779251,1.004511780204729 d,0.15857063012475237
275428106,1.0674511171902683 d,1.4085789976475573
158704348,1.0022533513063097 d,0.08421995056024738
8848840,1.022763383128764 d,1.1545720714721275
285138077,1.0022533513063097 d,1.1617041958598253
1424358009,6.960168374877113 d,9297.680310591119
10494697,1.004511780204729 d,0.0075520412148888175
294840275,1.0250680283341829 d,0.45674811842922125
277255078,8.697490026177835 d,163197.05637208576
116263538,1.0273778667148858 d,0.27189031206635833
21781185,1.0022533513063097 d,2.9879185151986656
1413289717,1.0113176469976008 d,11779.896172186416
363900224,1.0090439165700738 d,0.2336728135799647
256156660,1.0090439165700738 d,0.06719626838179987
193679430,1.004511780204729 d,0.17051002293025613
233212451,1.0090439165700738 d,0.0003865427834625771
471013569,1.0135965009385568 d,0.8910942322685187
233206916,1.0135965009385568 d,0.10381710485536165
43910120,1.0250680283341829 d,195970.62464100146
149863849,9.097965414049394 d,0.039618418166511626
343296348,1.0022533513063097 d,0.9265224212015183
43905752,1.1627695392046695 d,19.733885524069528
1509273062,1.0158804899380176 d,1.7043343127121335
335963647,1.0158804899380176 d,0.07040228509869649
1510180735,1.0296929099729215 d,0.36955303600171
306519365,1.004511780204729 d,0.045614646812613575
157444846,1.0113176469976008 d,0.2151137808222097
233197921,1.0 d,0.006590923003967543
219780528,1.0022533513063097 d,0.035256276563953616
288344719,1.004511780204729 d,0.053129134865094456
289676144,1.0090439165700738 d,0.8961042981235876
1400481144,1.0602674888485033 d,0.2910325619105405
1547179528,1.2328467394420661 d,7409678.168803975
451533898,1.0343386580610872 d,0.02460426870611541
360460993,1.1653896674647735 d,0.161648325562568
400148703,1.0022533513063097 d,0.10181819106849274
188816996,1.0090439165700738 d,0.4947871140955481
219884489,1.018169625567074 d,0.04771432717058623
1547145135,1.0022533513063097 d,1.6763597357128408
198456017,1.022763383128764 d,0.04625992014612589
286378270,1.0067752981368567 d,0.1575471308683507
101769451,1.0 d,0.07236147433501836
367227831,1.0343386580610872 d,0.531208508705447
1358161131,1.1838966263528177 d,3020854.3402743475
1358931692,7.5137255448613365 d,0.21360802277250668
380174982,1.0 d,0.16602382315992195
9532180,1.0436931305897938 d,0.031923893684524675
232608294,1.0460449378689947 d,0.06314124321992137
173989338,1.004511780204729 d,0.16872996542704938
219863212,1.022763383128764 d,0.0005234465324970199
356103067,1.0022533513063097 d,0.05130694884452501
1337689597,7.396269166779425 d,1.3748720939611945
219083245,1.022763383128764 d,0.08807172914303893
213230879,1.0390053667435133 d,1.69399192535211
21860382,1.022763383128764 d,96471.51958685972
1309228385,1.0296929099729215 d,0.08557634707733246
311027358,1.0 d,0.28324893371025417
274677205,1.022763383128764 d,0.008318320154136008
274677206,1.0067752981368567 d,0.004784403636160299
212118919,9.559818740074421 d,0.04969010421935808
21633235,1.1892381077160417 d,0.022181112357362098
451507703,1.0090439165700738 d,0.03675520013462137
115613388,1.0135965009385568 d,0.01307250414226033
347629140,1.0484020445962006 d,0.008451968551240292
199710552,1.004511780204729 d,0.054834628973024706
287150240,1.0158804899380176 d,0.03797267550001339
33449927,1.0158804899380176 d,3.7243417295235375
1361678528,1.0250680283341829 d,1.6923086051712843
229673607,1.0022533513063097 d,0.020343442148468026
337246237,1.1090874394970476 d,0.19983120068767568
43273224,1.0273778667148858 d,0.2094724764760667
336577701,6.744263133752843 d,122339.1604932172
43274413,9.495484004986881 d,1.0304704019913755
150554206,1.0204639194228904 d,0.27493841666667607
57333022,1.0296929099729215 d,0.043510752343060476
1360103362,1.018169625567074 d,1.7131217671979888
199666369,1.0067752981368567 d,0.00014699294591920115
1321954265,6.23334848712922 d,2014943.9238322272
219074038,1.018169625567074 d,0.06605126138278478
258200088,1.0067752981368567 d,0.11216271455830491
289538721,1.0250680283341829 d,0.15425421853067348
57192159,1.0296929099729215 d,0.036481592845029484
263723973,1.0158804899380176 d,0.06044709639326578
274239484,1.1241671479091109 d,0.021984133345643538
57103541,1.0343386580610872 d,0.03861253532945018
341307177,1.0296929099729215 d,0.1481092709960395
57058301,1.0067752981368567 d,0.13532026950884474
198239605,1.0113176469976008 d,0.0706133990888178
115173690,1.0022533513063097 d,0.01829126059139477
148120303,1.032013169836707 d,0.0015509624374979677
199574211,6.975852079376778 d,3.521335197342161
1201364356,1.0390053667435133 d,1.7606210513698666
406811054,1.0135965009385568 d,0.06220548178346821
21938862,1.0158804899380176 d,1.4915479773438176
29562411,1.0626566439795377 d,0.6572068624572971
160185214,1.0067752981368567 d,0.01040353390529209
255908093,1.022763383128764 d,0.005826603961057258
220978100,9.516880666273561 d,2.6226512406251987
320323992,1.5791957721610432 d,1.4873195011161338
4040541,1.0 d,4.897813137080358
4400550,1.0343386580610872 d,0.00014469652203143705
309906358,1.0460449378689947 d,0.47199444858558487
162618409,1.0484020445962006 d,0.1085905028302688
208712116,1.0 d,0.2506086679119611
1201085926,1.0158804899380176 d,0.1028716606049121
198182753,1.0158804899380176 d,0.05086164993267297
157153132,1.0296929099729215 d,0.10530716387196841
157154110,1.0771050560367692 d,0.06749097655005266
164637295,1.004511780204729 d,0.28558268968909273
207427565,1.022763383128764 d,0.08090897498198416
119973772,1.0022533513063097 d,0.17775651512506044
459285614,1.0 d,0.09433479849857217
119956431,1.0 d,0.012596218411588627
1204673951,1.0022533513063097 d,0.07380174606057532
361165313,1.0067752981368567 d,0.24596844765818554
219477980,1.0868463043007703 d,0.028954749557034497
236328654,1.0067752981368567 d,0.11344656552494933
237104515,1.0 d,0.07947648206454026
219472741,1.0158804899380176 d,0.049922450633077625
313424882,6.653794806422356 d,0.025465200219311767
24055062,1.0067752981368567 d,0.2113025335543175
24054308,1.0204639194228904 d,0.019520789779301648
93287730,1.0 d,0.5723953833518641
272967708,1.0113176469976008 d,0.05044608159013825
229554602,1.0113176469976008 d,0.08070560591910557
188576708,1.018169625567074 d,0.08013579741817546
422975717,1.0 d,0.02930398879190028
284761884,1.004511780204729 d,0.023075890046383343
29267489,1.0650511827164075 d,0.15677140608298437
272673382,9.581360370120452 d,0.11912347985602044
295851329,1.0626566439795377 d,0.019567343478483202
272675206,6.389606243621411 d,0.9926871965760906
320332794,1.0698564595596107 d,0.12062507197408344
156073827,1.0746834167557533 d,0.3535583295434455
254757058,1.1216396996267481 d,1.5452110983750904
283922021,1.0067752981368567 d,0.163549363109573
179059663,9.8436775772809 d,0.3634950202704973
316415931,1.0507644627129291 d,0.007711391164178067
23345982,1.0090439165700738 d,0.05715842655694995
345644126,1.0771050560367692 d,0.0323985189782722
46377509,9.26327203904486 d,0.035380411066970444
458484139,1.0090439165700738 d,0.04236349710956507
255858445,1.018169625567074 d,0.1429165832332586
175575716,1.018169625567074 d,0.3497853892707722
16992652,1.0390053667435133 d,0.07269559960872769
8158475,1.1759293543889509 d,0.022547566870507862
425858182,1.0 d,0.18715241675329325
198316592,1.0113176469976008 d,0.003958524333187352
46199750,1.0674511171902683 d,0.09023384210676343
235567807,1.0 d,0.04272661185521382
393116651,1.004511780204729 d,0.07445796855768395
186695693,1.0204639194228904 d,0.03648607664556417
446177797,1.004511780204729 d,0.24947195534161298
157110489,1.0090439165700738 d,0.02796153015743963
20996793,1.0844027639161342 d,0.03616756250302413
149367380,1.0602674888485033 d,0.018247724036969032
425639147,1.004511780204729 d,1.1519030993961867
160119816,1.0158804899380176 d,0.044124839195993575
393015278,1.004511780204729 d,0.016834111024826338
235559031,4.736573933498018 d,224.4412228991643
393016105,1.0022533513063097 d,0.1484895578904299
54660667,1.0090439165700738 d,0.48265445033337145
1103322087,1.0343386580610872 d,0.7798015566079907
185053274,1.0113176469976008 d,0.0746044654619989
150808542,1.0158804899380176 d,0.45987061514460564
383522624,1.0390053667435133 d,0.19219686346806222
1167487178,1.004511780204729 d,0.1629040929345995
148823208,8.484792994970242 d,38.8070940593332
1103347368,1.0484020445962006 d,0.42174006064377745
54073893,1.0343386580610872 d,4.08320677949728
284293102,1.0602674888485033 d,0.10101666404873817
198307399,1.032013169836707 d,0.5967701219621645
180289765,1.0022533513063097 d,0.06477935927245965
1152812302,8.221593718918115 d,542379.6621874638
366494784,1.0722672220103233 d,0.22551022509753563
76655291,1.0135965009385568 d,0.3435200701397556
230059745,1.0022533513063097 d,0.025174876272647077
233647819,1.053132204187607 d,0.15873666738716294
141344457,7.102600699670349 d,2.170648591856222
38840459,1.022763383128764 d,0.10634156761800592
67834584,1.0090439165700738 d,0.01089750160105386
313405046,1.0 d,0.11851481661502007
403126598,1.0158804899380176 d,0.24082770376667195
20240056,1.004511780204729 d,0.08832356895523104
257062199,1.0250680283341829 d,0.03569447026199833
79177267,9.955084845258764 d,815.8275472185711
165624606,1.0 d,0.03272713100838371
351345015,1.018169625567074 d,0.1324089198269634
202440506,1.0090439165700738 d,0.005902984548570924
160747321,1.0135965009385568 d,0.5452381581514151
1130555970,1.0067752981368567 d,0.7995848214150111
192770322,1.0135965009385568 d,0.347880634097178
192767630,7.6674858189770925 d,0.07989355648661348
192745310,1.0 d,0.024753209130935757
402972169,1.0819647173070093 d,0.43411035426649497
460380271,1.3130448779508395 d,0.05930070104378024
440952699,1.0204639194228904 d,0.02433485385131661
1101376335,6.389606243621411 d,2.723971305193809
67741959,1.0090439165700738 d,0.22762473664936156
121351488,1.0067752981368567 d,0.10021662465906875
334129633,1.0390053667435133 d,1.1636493011575537
406777914,1.018169625567074 d,0.25019190954033693
229874190,1.0022533513063097 d,0.05172431065422259
1102690588,6.318100215684825 d,5005363.89305699
323409805,1.053132204187607 d,0.31418547247071954
158617990,1.004511780204729 d,0.011655194015049672
148698,1.0113176469976008 d,0.4262264284495185
446454750,1.0022533513063097 d,0.09812921802186521
48318005,1.0507644627129291 d,0.22675407954253973
72732338,1.114091398251884 d,0.14236215702219912
308730878,1.004511780204729 d,2.0917479341492253
349673322,1.004511780204729 d,0.03754645050490241
368841212,8.12958593506835 d,0.11113873815371439
28240367,1.0250680283341829 d,0.6178068469216828
119666555,1.004511780204729 d,0.09498387828035829
219840114,1.0366693864273957 d,0.020524330670826593
160056476,1.004511780204729 d,0.48067706855094466
26167085,6.432897730899067 d,4.611653363994962
219826764,1.0 d,0.015851503441855302
159629632,8.147904748154893 d,0.092238809139577
270898354,1.0250680283341829 d,2.077881237154726
156507936,1.0436931305897938 d,0.047125965062541866
157979698,1.0296929099729215 d,0.07672797513190611
67990605,1.053132204187607 d,0.0713179815129061
27526838,1.0090439165700738 d,0.1293936212288337
83784306,1.0090439165700738 d,0.08945267204355503
284628173,1.018169625567074 d,0.03143065993897065
1001255955,1.0413466108439275 d,0.08615892986456324
156692996,9.452834891644189 d,70669602.63276239
287959210,1.0022533513063097 d,0.3895554938983013
1001265917,1.0343386580610872 d,1.1819070739677795
421809465,1.022763383128764 d,0.03564306092911524
320244032,1.0436931305897938 d,0.07335034284004151
242568288,1.0771050560367692 d,0.19635336799488096
242506338,1.0722672220103233 d,0.3139172682636394
421737701,1.0436931305897938 d,0.1006223925224018
46037580,1.0090439165700738 d,0.12413407110251817
367603862,1.0366693864273957 d,0.08052416577210213
448865254,1.0067752981368567 d,0.06875828531457384
173166521,1.0507644627129291 d,0.09407459155847951
459831133,1.0022533513063097 d,0.0584623456021367
449144508,1.0067752981368567 d,0.08924553005230969
210958723,1.0204639194228904 d,0.03213913063179027
242328781,1.018169625567074 d,0.023245886074133245
138207862,1.0 d,0.00478862598878081
393965191,1.0390053667435133 d,0.021401419958892297
459829370,1.0113176469976008 d,0.26360646245067654
38639743,1.0413466108439275 d,0.0860280013688305
1001570405,1.032013169836707 d,0.06532054897746387
125405997,1.0460449378689947 d,0.023133082494296468
219465698,1.0022533513063097 d,0.09572230244008562
23769401,1.0868463043007703 d,0.20021086441041755
388980047,1.004511780204729 d,0.11259055486905827
1032751537,7.396269166779425 d,80549.77857761142
159585994,1.0022533513063097 d,0.04257151053597782
72546357,1.0113176469976008 d,0.03002165426827108
72511763,1.0067752981368567 d,0.22019241047906643
141872267,1.0113176469976008 d,0.05407157546821544
219460164,1.0067752981368567 d,0.11042435424593279
379136587,1.0578837052194232 d,0.005456023055494442
1016214423,1.0067752981368567 d,4.021922459162867
219031924,1.018169625567074 d,0.054510077810427576
141822426,1.004511780204729 d,0.0010924758078462741
1000764481,1.0135965009385568 d,0.05715487358999331
165895694,1.0868463043007703 d,0.1506016669556254
171731624,1.0 d,0.010893968715831587
153991946,1.004511780204729 d,0.00028578937290369316
1012369947,1.0674511171902683 d,1022.0162030647709
22847876,1.0067752981368567 d,0.022049900207558926
379057421,1.0674511171902683 d,0.041966075386483614
153989648,1.0 d,0.013520775906925398
1001172297,1.0135965009385568 d,0.00781857210979917
207387244,6.882277191088731 d,2206.117102803674
286924740,1.0204639194228904 d,0.0797846632535966
445857760,1.0204639194228904 d,0.04904063109131473
365153725,1.0022533513063097 d,0.25075136463057024
288453456,1.0771050560367692 d,0.08904604232775279
321424787,1.0204639194228904 d,0.08158681681085532
321423513,1.0366693864273957 d,0.24678945909449435
115073581,1.0296929099729215 d,0.25834772694438896
58534825,6.882277191088731 d,0.00013709838724115914
1047347550,1.0135965009385568 d,0.11049390952612699
1030866835,1.0366693864273957 d,126760059.1502965
393896214,1.0626566439795377 d,0.023697081494963072
316275758,1.05550528101563 d,0.026081536889326136
363622268,1.0273778667148858 d,0.2381707823882855
178925140,1.0 d,0.08259273689600925
335629347,1.0250680283341829 d,0.04313926874631985
30545382,1.0602674888485033 d,0.1770014216938622
459822191,1.0 d,0.0012792343815143186
245136163,1.022763383128764 d,1.1524867038852646
124423510,1.0158804899380176 d,0.013949620420563743
157271533,1.018169625567074 d,0.0124597890815843
124334450,1.0135965009385568 d,0.04636503236513078
461628781,1.004511780204729 d,0.6002895206004587
166009757,1.0090439165700738 d,0.03826762124810976
154903874,1.0296929099729215 d,0.016804813643224652
953202578,1.2054075847637704 d,0.04377397478659358
157201137,1.0022533513063097 d,0.2740387997904518
155872634,1.0158804899380176 d,0.005211001502160329
155871645,1.0022533513063097 d,0.12063824195780677
103959618,1.05550528101563 d,0.11592419446888123
953125982,1.0296929099729215 d,0.429420806788254
361722723,1.0090439165700738 d,0.08816537484392924
471015221,1.0 d,0.08030951976748336
411239443,1.018169625567074 d,0.026705799155411925
411238467,1.0250680283341829 d,0.16453295637970192
411238722,1.0674511171902683 d,0.03226732519578882
357317802,1.0135965009385568 d,0.017362244902702793
149505899,1.0 d,0.001946103532169981
232524621,1.0113176469976008 d,0.4401458276205452
424258218,1.0204639194228904 d,0.20670253264826757
334561168,1.0868463043007703 d,0.23436984312970405
198484330,1.0067752981368567 d,0.030327997872316614
92127892,1.0436931305897938 d,0.005898174478129185
977377873,1.0250680283341829 d,3.7396571419830824
156639958,1.2609105021110332 d,0.04215562628487593
401403129,1.0135965009385568 d,0.030332050827775472
144723568,1.004511780204729 d,0.11527226119692784
289944925,1.0067752981368567 d,0.06742063119034403
405631112,1.0022533513063097 d,0.1680066022245999
163648025,1.7279718248719826 d,1.9981671453603025
131216669,1.0022533513063097 d,0.013511229282555276
51779021,1.022763383128764 d,0.006994655789324806
263638925,1.0343386580610872 d,0.09756082373256872
154567033,1.018169625567074 d,0.022085024500449163
181865043,1.0090439165700738 d,0.0925644367554744
144428633,1.0113176469976008 d,0.9198667346229649
144394495,1.0067752981368567 d,0.03744607422009869
51665474,1.0 d,0.061156754801095524
444045724,1.0022533513063097 d,0.01368689400791927
386705400,1.018169625567074 d,0.045020382683201694
373706557,1.2665994531543927 d,0.16182956760914188
75585375,1.0 d,0.017005770739309603
373693382,1.0273778667148858 d,0.15885062968219155
130927019,1.0390053667435133 d,0.17153279845152122
321442827,1.004511780204729 d,0.08762435913256345
953067449,7.633047187773533 d,674792.090321354
953067447,1.0250680283341829 d,2.1705174268015726
130868394,1.0250680283341829 d,0.40956714818425644
401283890,1.0343386580610872 d,1.4549517649200372
130637127,1.0113176469976008 d,0.01679059620246576
377261756,1.0067752981368567 d,0.015659729355784302
72321135,1.0 d,0.04168112486710114
368438980,1.018169625567074 d,0.015017779130550739
998143764,1.0090439165700738 d,0.4220695014808181
160272537,1.022763383128764 d,0.09794758811555335
135101534,1.0113176469976008 d,0.2094338788353212
204700845,1.0090439165700738 d,0.20640716607147744
141266709,1.0413466108439275 d,0.26770520526622316
107222192,1.0602674888485033 d,0.05057897296146417
359113258,1.0135965009385568 d,0.03071149537892929
359113075,1.0067752981368567 d,0.2870116061635234
53578938,1.0602674888485033 d,0.011447343517890394
134765602,1.0022533513063097 d,0.017106825920270758
335812977,1.053132204187607 d,0.013752280189776336
107020009,1.0917499159420974 d,0.07951629818053504
224288915,1.0366693864273957 d,0.045941462485112244
385331518,1.0067752981368567 d,0.08242577137874602
461203226,1.0090439165700738 d,0.1811569149260785
142387762,1.018169625567074 d,0.05791013167604755
148684414,1.0698564595596107 d,0.05387201907608813
398243520,1.004511780204729 d,0.000594542202651448
157328515,1.0067752981368567 d,0.0020313406565717197
35091113,1.0067752981368567 d,0.06588053618548895
152773823,1.0343386580610872 d,0.23715576948731645
950950276,1.0113176469976008 d,0.08627895849779703
141177665,1.0436931305897938 d,0.09934475385912558
289512725,1.0135965009385568 d,0.07501116765851373
355977196,1.004511780204729 d,0.07995915282644243
928702127,1.018169625567074 d,44777711.66603036
202362742,1.0296929099729215 d,0.02883148652690956
156170444,1.0413466108439275 d,0.0215856523528656
335476791,1.0113176469976008 d,0.13086170133035266
138893463,1.0296929099729215 d,0.04839828834692888
366681966,1.0698564595596107 d,0.02599255001035264
397418667,1.0067752981368567 d,0.06494445347131592
142905656,1.0 d,0.008886255797601257
138849541,1.0273778667148858 d,0.017826543993662323
61766993,1.0460449378689947 d,0.5557872391341782
87480677,1.0022533513063097 d,0.006701924227604087
61706683,1.0090439165700738 d,0.15553629727233756
350475588,1.004511780204729 d,0.4394173815191758
270396876,1.0296929099729215 d,0.11884776688018017
454104678,1.0296929099729215 d,0.16611094928244613
82311843,1.0250680283341829 d,0.0060657107953090246
916399961,1.0 d,75.83847855043727
10183022,1.0296929099729215 d,0.04018719953503798
380638755,1.0 d,0.04835350031635078
901208219,1.0484020445962006 d,0.04959294273176745
61413837,1.0273778667148858 d,0.0935949059847488
454011861,1.0204639194228904 d,0.11922820338782589
471015438,8.935608748868582 d,3246.242475844388
265919677,1.0022533513063097 d,3.4339930577862474
165463043,1.0090439165700738 d,0.11603942015665503
903739632,6.389606243621411 d,0.001529255186975796
446162831,1.0343386580610872 d,0.0589202830338155
92755792,1.0460449378689947 d,0.37044474558087903
100013600,1.0135965009385568 d,0.012867195011296049
57611256,1.0390053667435133 d,2.822313774938194e-07
85336166,1.05550528101563 d,0.07496268016415021
157787876,1.0113176469976008 d,0.09564685606608284
165427922,1.0296929099729215 d,0.015580580735270216
388818448,1.0067752981368567 d,0.026576682344490433
451889662,1.0917499159420974 d,1.9395605513135752
157773422,1.0022533513063097 d,0.011824574935468696
18020959,1.0022533513063097 d,0.04958825283056433
173097622,1.0 d,0.00043849434747840645
461164368,1.0022533513063097 d,0.04066499904092072
284566548,1.022763383128764 d,0.018394518118545807
903527238,1.0022533513063097 d,0.007726757288205239
341687513,1.0113176469976008 d,0.12486649958491747
315714493,1.0135965009385568 d,0.3281318883108783
57259375,1.0158804899380176 d,0.20578195247188422
458423175,1.0090439165700738 d,0.05994460668920043
91534657,1.0273778667148858 d,1.7197200297979442
91533164,1.1166018375594833 d,0.14669255553469024
152316067,1.0067752981368567 d,0.0691827585044831
162799410,1.0090439165700738 d,0.34895050441223746
406782194,1.0135965009385568 d,0.17102222136066317
17970505,1.0158804899380176 d,0.14267644796366363
17932208,1.004511780204729 d,0.042944038986448926
900689200,1.0296929099729215 d,0.07467090572622409
162526221,1.0067752981368567 d,0.19815259183333928
294728980,1.0022533513063097 d,0.20898644470299388
363476259,1.022763383128764 d,0.020093730214826938
162434199,1.0966756516013596 d,0.03999757964994067
240176634,1.004511780204729 d,0.028771456454459474
363445270,1.032013169836707 d,0.09502193330688267
162362188,1.0090439165700738 d,0.07018207877207584
450332273,1.0135965009385568 d,0.014694880214588335
138801111,1.0 d,0.038445458112084226
156372667,1.018169625567074 d,0.07040953960082903
81549834,1.018169625567074 d,0.7136356645296016
138772988,1.0 d,-inf
53211451,1.0273778667148858 d,0.0017637405711885895
99868786,1.0390053667435133 d,0.002989788639989056
142584631,1.004511780204729 d,0.013368974464751484
301500066,1.0158804899380176 d,0.04501945480569385
5595193,1.0273778667148858 d,0.058960043934180195
353971452,1.0892953508403243 d,0.013305752295629044
941632581,1.2190499622963573 d,0.6281882826770037
427580983,1.0022533513063097 d,2041982.6965245204
332827592,1.157546941826492 d,0.012683956930731153
147921014,1.0746834167557533 d,0.007309370139393033
173008360,1.0460449378689947 d,0.06907500295001319
356376246,1.0135965009385568 d,0.1351607742725251
158586133,1.0746834167557533 d,0.0031292605149517492
148559575,1.144592844061425 d,0.001236897433822811
415714190,1.0296929099729215 d,0.0845410806351412
363349454,1.0484020445962006 d,0.046674977202400596
48943694,1.004511780204729 d,0.22298664467842816
138738430,1.022763383128764 d,0.01466092289091927
422271493,1.0158804899380176 d,0.007033685002625755
165431702,1.1368900748554458 d,0.03354018339392159
318184221,1.053132204187607 d,0.04751746572385814
449671297,1.0022533513063097 d,0.5793983934895742
106989158,1.032013169836707 d,0.10570837218892683
274271189,1.018169625567074 d,0.023785380398065596
106760503,1.0 d,0.06875363357218053
142488005,1.018169625567074 d,0.06970709518175093
149916959,1.0158804899380176 d,0.14999273491800133
389926045,6.163591138387411 d,42783.49099749866
458334932,9.821546183358649 d,1.2158065326838159
840978439,1.0067752981368567 d,1170295.2239656106
179299789,1.0273778667148858 d,0.09781066968487401
311578051,1.004511780204729 d,0.16150422014506302
124598476,1.2135745805269735 d,0.002330006745060102
397601840,1.032013169836707 d,0.002911216492375952
193273291,1.0484020445962006 d,0.11687860102497118
171630076,1.0484020445962006 d,0.12861222001434364
56651942,1.05550528101563 d,0.001679746983458556
106145150,1.032013169836707 d,0.12892870075163365
148654362,1.0113176469976008 d,0.03049701093651992
105916419,8.83561042902456 d,1.382043655357867
277888348,1.0578837052194232 d,0.0026397817646379627
392796964,1.114091398251884 d,0.05527237861083831
423392930,1.004511780204729 d,0.10766077815106066
105762960,1.0135965009385568 d,0.13081954926087505
277832541,1.0113176469976008 d,0.004499566062406628
848444810,1.0204639194228904 d,388.87870550479823
73764818,1.022763383128764 d,0.0424672126696494
287286376,1.0158804899380176 d,0.0027217426620359327
874037534,1.0022533513063097 d,0.6124937199878372
47481377,1.0 d,0.07647151339853825
70667234,1.0 d,0.06225147916093246
8151705,1.0771050560367692 d,0.32364924069874335
192973597,1.0296929099729215 d,0.7661699131679782
70654644,6.520362630934879 d,0.351781849345964
307982318,1.0022533513063097 d,0.015873963426642053
71338307,1.004511780204729 d,0.00903264894636954
61108717,1.0204639194228904 d,0.07399851326637118
192538483,1.0892953508403243 d,0.3315100005099082
841768032,1.0158804899380176 d,0.016909998545443443
277747736,1.022763383128764 d,0.1654174089162688
77641691,1.2384090729565456 d,0.3563983563144991
349948660,1.0 d,0.051548685247570045
137967729,1.0250680283341829 d,0.006756732542256357
463278069,1.0067752981368567 d,2.539206597732402
241194059,1.0 d,14439284.756462356
73005766,1.1343340218056186 d,0.10756550378046428
52104043,1.0 d,0.20526039758905038
168071263,1.0113176469976008 d,0.11438858911164654
356502320,1.0135965009385568 d,0.0037185849393129755
103631104,1.0204639194228904 d,0.06187404184694932
411150874,1.032013169836707 d,0.09215755258546361
178876506,1.0484020445962006 d,0.05669213016202201
394334615,1.139451887590752 d,0.0428263704432628
178865175,1.004511780204729 d,0.03262071089566404
36846661,1.022763383128764 d,0.574303101541825
372313154,1.0158804899380176 d,0.04632490611608715
286936972,1.0296929099729215 d,0.653249109402774
308996412,1.0 d,0.02394310785480725
11560959,1.018169625567074 d,0.027706145505267035
372091627,1.1016236110972628 d,0.04432737722792146
275308213,1.0250680283341829 d,0.15299637326850285
275293861,1.0158804899380176 d,0.06454485227839578
103570864,1.018169625567074 d,0.10886003599671136
48337030,1.0343386580610872 d,0.12230842790454811
298411553,1.018169625567074 d,0.12725151685536065
307987854,1.0090439165700738 d,0.01206769435396489
62761029,1.0022533513063097 d,0.21801234895479368
844578947,1.0067752981368567 d,0.0010236926298314577
101414764,1.0966756516013596 d,0.04601247563667664
469166897,1.1946036886691442 d,1.1344923803777367
22083201,1.0090439165700738 d,0.055195995578749185
377064855,1.0067752981368567 d,0.3013956348335383
840844749,1.0343386580610872 d,0.07288322210969791
358286922,1.0204639194228904 d,0.29894550000805775
453444667,1.0484020445962006 d,0.10817350079741014
275185321,1.0602674888485033 d,0.19063438206720904
870856230,1.0602674888485033 d,0.8674898039227993
45163849,1.0135965009385568 d,0.48956312100696836
453433386,1.0 d,0.07836884812339402
98413819,1.0113176469976008 d,0.010502948410868783
5452928,1.0296929099729215 d,0.05093069846144084
48011814,1.0 d,0.11994528046774038
1472576,1.022763383128764 d,0.28422825511336614
88005358,1.0722672220103233 d,0.005078366333448599
243247473,1.15494444624982 d,0.001182817239012116
5392904,1.0158804899380176 d,0.05705392595245722
233432206,1.0698564595596107 d,0.0745392573379349
33724884,1.0 d,0.1556805377645128
328629385,1.022763383128764 d,0.05509842887661151
410007055,1.0158804899380176 d,0.1548667635741293
125552142,1.0204639194228904 d,0.12320338050237328
357133468,1.0022533513063097 d,0.1393491470350673
47143814,1.0 d,0.1996071755650677
313026786,1.0 d,0.2744395454736678
840381257,1.0113176469976008 d,0.08768775001251054
841203288,1.0771050560367692 d,0.14611482652232796
293811983,1.018169625567074 d,0.01586476104900771
293811985,1.0135965009385568 d,0.040928690561532095
293808242,1.0022533513063097 d,0.6307428768054393
439927344,1.004511780204729 d,0.8640959591779147
349792831,1.0 d,0.02867746717124166
370329413,1.0090439165700738 d,0.17492856340271912
855710135,1.0722672220103233 d,0.31481456577351413
296782690,1.0022533513063097 d,0.06333430400785503
77551542,1.0413466108439275 d,0.010274630067917461
304303114,1.0343386580610872 d,0.012235194894636266
91895178,1.0090439165700738 d,0.280157435636184
86279816,1.0067752981368567 d,0.013599894566509481
290653324,8.600156490889816 d,0.0778543692032264
334631792,1.0067752981368567 d,0.07867900959507679
307908863,1.0022533513063097 d,0.2634534839657941
24441509,1.0090439165700738 d,0.034246702647944924
307907698,8.875474761254932 d,0.2656167538150293
842877396,1.0366693864273957 d,4.1137443185214285e-05
334510708,1.0067752981368567 d,0.11104964742078498
461837710,1.0296929099729215 d,0.09111740360019277
1360104,1.0022533513063097 d,0.21964260268790883
75985275,1.0296929099729215 d,0.027887076891973884
202279210,1.018169625567074 d,0.033363048480969965
251085354,1.0507644627129291 d,0.06886811565553073
312026151,1.0090439165700738 d,0.32360858061686365
56885227,1.0 d,0.010021582150396136
358165776,1.0 d,0.08656747858612417
311988681,1.0650511827164075 d,0.04962349969269194
251080865,1.0795321521218224 d,0.0022973775817546013
828111555,5.879033878421481 d,7811.975074593207
816370956,1.0844027639161342 d,0.26784490086476836
801337988,1.0273778667148858 d,0.25852012564137167
258640923,1.0090439165700738 d,0.09064034034328414
192083079,1.0366693864273957 d,0.2094398366181675
828153293,1.0135965009385568 d,197231.83700054215
323601363,1.0113176469976008 d,0.07233164004527123
51915236,1.0022533513063097 d,0.1079308882715663
447970305,1.0135965009385568 d,0.5430322260893684
918893,4.2515128838892 d,0.35404280202460037
892149,1.004511780204729 d,0.002901180946689236
191532802,1.0113176469976008 d,0.1720005862614007
21448779,1.004511780204729 d,0.0029991731654515504
437059521,1.0113176469976008 d,0.5175408993888081
47330872,1.0067752981368567 d,0.0019110241096953167
825951381,1.0250680283341829 d,0.2928867191299994
166532159,1.0296929099729215 d,0.008275031933098906
187123483,1.0296929099729215 d,0.4410125084835643
191233258,1.0022533513063097 d,0.36928687526658643
416856967,1.0067752981368567 d,0.05101952867243039
118690168,1.114091398251884 d,0.03621659658218053
356455717,1.0135965009385568 d,0.06876297040581092
457127465,1.022763383128764 d,0.06854685000499806
437042755,1.018169625567074 d,0.11962131366182151
2140147,1.0022533513063097 d,0.5989532816510862
814995307,1.0390053667435133 d,0.48286472169324157
375175796,1.0722672220103233 d,0.03373626086942531
197191699,1.0 d,0.39141256724188483
355940343,1.1706476494972367 d,0.08890709321380189
46259736,1.0022533513063097 d,0.02079470146682125
284894657,1.0090439165700738 d,0.030378975375441673
13476741,1.0067752981368567 d,0.11246298580132416
287976476,1.018169625567074 d,0.039521029851496685
176445717,1.0 d,1.4359539435764934
165892318,1.0390053667435133 d,0.023366355940138996
802158439,1.0067752981368567 d,1.5836945549906204e-06
184915712,1.018169625567074 d,0.12311140365515512
67595083,1.0090439165700738 d,0.05790283342393786
117892271,1.018169625567074 d,0.030927189754282828
430591603,1.0135965009385568 d,0.09467034628268771
117278328,1.0484020445962006 d,0.03398035947345838
184872734,1.0507644627129291 d,0.011942427101761868
1107885,1.0022533513063097 d,0.0883683017028448
828586244,1.0273778667148858 d,987460.6018974095
432208773,1.0296929099729215 d,0.009381676738917346
323245561,1.0022533513063097 d,0.08360513975885997
188395799,1.0917499159420974 d,0.12473501625775874
196518001,1.0296929099729215 d,0.06545301945688095
118429656,1.0113176469976008 d,0.055437071093384645
93113533,1.0698564595596107 d,0.00933554972300571
285222557,1.0296929099729215 d,0.2649955109673688
141056084,1.0343386580610872 d,0.45745773098102865
231599925,1.0090439165700738 d,0.05253397901562544
90211642,1.0067752981368567 d,0.0378999996202795
172842159,1.0250680283341829 d,0.018385527891204973
307864083,1.004511780204729 d,0.04744025724366312
27321433,1.0090439165700738 d,0.03499842364977504
323067031,1.0067752981368567 d,0.09512219970666493
400728564,1.0022533513063097 d,0.06363213374749607
309787398,1.168015699794315 d,0.1238584654358952
73381663,1.0022533513063097 d,0.11093897836318149
50716374,1.022763383128764 d,0.005073636338842324
409732714,1.0296929099729215 d,0.02068257744014086
302262924,1.0135965009385568 d,0.16350433648524432
802724619,1.0022533513063097 d,0.10701558795623681
388754258,1.0 d,0.16712535137704054
153858788,1.018169625567074 d,0.20071247668459344
99011986,1.0698564595596107 d,0.05580786762938584
271387154,1.0 d,0.12176398075764411
307363368,1.004511780204729 d,0.0027828443550229017
271116055,1.0158804899380176 d,0.9547112713448188
18805280,1.0650511827164075 d,0.08336064419787913
388495346,1.0 d,0.03831875389732185
18782844,1.0436931305897938 d,0.05038709428002733
462513335,1.0113176469976008 d,0.11957839637087052
824900669,1.0090439165700738 d,0.04943907878351878
155231107,1.0113176469976008 d,0.06075399723043232
22635383,1.0844027639161342 d,0.06559327032242991
73276518,1.004511780204729 d,0.032840195248855134
309070278,1.004511780204729 d,0.021792319691962058
437143765,1.0343386580610872 d,0.5272325463564137
27634101,1.0296929099729215 d,0.0023601528899214095
145863747,1.022763383128764 d,0.021943146070748952
192968590,7.684763358163395 d,0.8905283035686775
342073608,1.0296929099729215 d,0.002169149784270434
452981151,1.0135965009385568 d,0.07985562765521152
154753360,1.004511780204729 d,0.12162270056659236
287352377,1.0273778667148858 d,0.022352511814130397
165821201,1.0022533513063097 d,0.015485692184586227
823660418,1.1919178789595768 d,1.282330313804146
362023614,1.0022533513063097 d,0.11654041645609745
17901092,1.114091398251884 d,0.06316928494986508
825290785,1.0113176469976008 d,0.5607613576460776
801131732,1.2723140714944554 d,0.08100007346633013
73235712,1.0022533513063097 d,0.1502951484868262
392088911,1.0390053667435133 d,0.10651228079139906
803307316,1.15494444624982 d,0.04584371577692777
802568439,1.032013169836707 d,0.29204398255562264
72983467,1.004511780204729 d,0.2103870077640657
803905418,1.0343386580610872 d,0.6783640610733531
321258095,1.0 d,0.11078082057928651
416500307,1.0 d,0.06065255612801177
371293993,1.018169625567074 d,0.4685988930274859
766003816,1.0 d,0.07756491763702139
53426287,1.004511780204729 d,0.018771601555791093
784166518,1.0067752981368567 d,0.004113644868791625
269071459,1.0 d,0.07942989159666596
284021737,1.0 d,0.04425719843784196
765065668,1.0067752981368567 d,7997.083823828775
335609834,1.0158804899380176 d,0.12273846014267903
122866831,1.004511780204729 d,0.1665298496456879
122864598,8.446683415938598 d,0.7966366645472003
774865907,1.0090439165700738 d,0.2674333149551674
68477850,1.004511780204729 d,0.20688291535328635
62942089,7.598763238214933 d,75.0565709359238
241182175,1.0022533513063097 d,0.03958341253736452
335501964,1.0113176469976008 d,0.2673753435608421
32001424,1.0 d,0.06359833260052068
175175901,1.022763383128764 d,0.19640918826527368
775483335,1.0204639194228904 d,0.06562321097155145
16276672,1.0578837052194232 d,0.33143993896651625
340360114,1.0113176469976008 d,0.023809234263457206
70549080,1.0158804899380176 d,0.19616894431547188
289328753,1.018169625567074 d,0.29241094189975086
270093857,1.004511780204729 d,0.2212670873224774
270042248,1.0 d,0.1474381949351221
349323840,1.0250680283341829 d,0.2275393134925129
110481341,1.1216396996267481 d,1.3420115373057113
67441210,1.022763383128764 d,0.10955595199977004
141689067,1.0 d,0.09467399229479884
14802607,1.0204639194228904 d,0.005163203157671113
279946436,1.0022533513063097 d,0.06839495731397797
453373950,1.0602674888485033 d,0.025993451392020764
109692639,1.0090439165700738 d,0.9351360699558522
123029058,1.0135965009385568 d,0.023890194407413592
122996150,1.0250680283341829 d,0.09115311203822585
441588481,1.0 d,0.18431273967574746
18747353,1.0 d,0.290096350888456
247056967,1.0296929099729215 d,0.4726832128816463
50108394,1.0158804899380176 d,0.04524611664030815
60844744,1.022763383128764 d,0.011515996674528739
107255233,1.018169625567074 d,0.10490565683412703
14448610,7.564633275546289 d,0.1661262216070671
59851356,1.0113176469976008 d,0.06717400201226001
407569944,1.0067752981368567 d,0.06820935257225721
17857475,1.0204639194228904 d,0.07153961667214692
156939760,1.022763383128764 d,0.03607948901671861
441569276,1.032013169836707 d,0.23937415890124805
88701414,1.0250680283341829 d,0.18243083879037475
758035586,1.018169625567074 d,0.2408393199416244
22868366,7.023115556973168 d,1.9126221043204112
300159301,1.004511780204729 d,0.002509435918152602
59320872,1.004511780204729 d,0.13335414895130393
781046627,1.0250680283341829 d,0.010208991817588945
178052346,1.0090439165700738 d,0.43374420359997196
22595500,1.018169625567074 d,0.34223674145278377
321104192,7.134646072909216 d,1.3783736346683102
87949800,1.0067752981368567 d,0.09226672059947762
300013123,1.0113176469976008 d,0.014391789929932782
87749981,1.0022533513063097 d,0.06766116423828272
391923441,1.0090439165700738 d,0.0516840274708731
88564975,1.0484020445962006 d,0.005954983682664446
91735009,1.0343386580610872 d,0.003613461317377209
88484968,1.032013169836707 d,0.38833172772457936
192200194,1.0626566439795377 d,0.057294514825679904
291404786,6.579332246575681 d,0.03431332453546465
