ID, tic_id, period, duration, depth, vshape, snr, oot_variability
92127892,92127892,1.3055069526479335,0.012 d,0.012461185455322266,1.9997341262317845,0.4408247145252151,0.028267892077565193
92127892,92127892,3.0419079466187884,0.012 d,0.008952140808105469,4.500638010757454,0.3161729041624172,0.02831406705081463
92127892,92127892,6.677615324610845,0.012 d,0.009698033332824707,1.9997227949899579,0.3426158556117992,0.02830585092306137
92127892,92127892,2.2884981295217908,0.012 d,0.0067043304443359375,1.9996360256940886,0.2369644564507302,0.02829255722463131
409732714,409732714,2.4537978888227547,0.013000000000000001 d,0.009925603866577148,2.0,0.14121045497874782,0.07028944045305252
409732714,409732714,9.955106737874349,0.013000000000000001 d,-0.004450678825378418,2.0000096889543575,-0.06330675416173871,0.07030338048934937
409732714,409732714,1.62022372691479,0.013000000000000001 d,0.0016918778419494629,2.0000019438800067,0.02406485089446787,0.07030493766069412
409732714,409732714,5.749740783402583,0.013000000000000001 d,-0.005742907524108887,2.0,-0.08167995361155099,0.07030987739562988
361722723,361722723,9.988757740413416,0.044 d,0.021834850311279297,1.9999652723317263,0.11982363753552444,0.18222489953041077
361722723,361722723,1.119056408129678,0.044 d,-0.003164052963256836,1.9999741542729954,-0.01736570521842975,0.18220123648643494
361722723,361722723,3.5328011967135122,0.044 d,0.0071024298667907715,1.9999719362885926,0.038957088158806066,0.1823141872882843
361722723,361722723,2.0658332412324745,0.044 d,-0.0011630058288574219,2.0,-0.006376241376943966,0.1823967695236206
23936802,23936802,1.209371817034282,0.1 d,4.6155029553851534e-07,1.999879626786712,7.491033737741756e-07,0.6161369868261387
23936802,23936802,1.4527422545744686,0.1 d,2.600900851357224e-07,1.9999405006062607,4.219384336581503e-07,0.6164171461717195
23936802,23936802,2.1804403540248285,0.1 d,0.0015305280685424805,1.9999365921031955,0.002487603214198904,0.6152621365844972
23936802,23936802,3.6376483462714346,0.1 d,-2.1184504150895123e-08,1.9999366523535742,-3.440637081587321e-08,0.6157145798452465
166532159,166532159,3.1357115207083956,0.035 d,0.01254880428314209,1.8755005010846035,0.39603600006630885,0.03168601915240288
166532159,166532159,1.018160669230082,0.035 d,0.003881216049194336,1.9995093109047457,0.12214954765592868,0.03177429735660553
166532159,166532159,1.2807794557892838,0.035 d,0.002172231674194336,1.9987000411428273,0.06839648812072231,0.03175940364599228
166532159,166532159,1.809047318721226,0.035 d,0.004532337188720703,1.9995068913935368,0.14286990916445222,0.03172352537512779
131606143,131606143,9.10862573829885,0.04 d,0.03156155347824097,1.9999239252308136,0.27631384293137984,0.11422356963157654
131606143,131606143,1.1177983358664556,0.04 d,8.404254913330078e-06,1.9999910095265323,7.348573936914447e-05,0.11436579376459122
131606143,131606143,2.2451518798568637,0.04 d,0.0031127333641052246,1.9999812832886252,0.027237956326586866,0.11427925527095795
131606143,131606143,4.474127475120171,0.04 d,0.008076071739196777,1.9998967517222246,0.07068858161905932,0.1142486035823822
1547179528,1547179528,6.75315308977306,0.051000000000000004 d,1.2009282112121582,1.9999814727450047,0.21271810745312253,5.645632266998291
1547179528,1547179528,4.596558889633747,0.051000000000000004 d,0.07034730911254883,2.0,0.012455559279762723,5.64786434173584
1547179528,1547179528,9.988757740413416,0.051000000000000004 d,0.09658002853393555,1.9999814619166996,0.017082360232071738,5.653787136077881
1547179528,1547179528,2.1057174576384834,0.051000000000000004 d,-0.10258626937866211,1.9999908647883342,-0.018152368214156077,5.651398658752441
57103541,57103541,5.907078476866371,0.025 d,0.008556962013244629,1.9923044636520049,0.17404286697562604,0.04916583001613617
57103541,57103541,3.9047879972916397,0.025 d,0.0014503002166748047,1.9999982215633862,0.02950382060047405,0.04915635287761688
57103541,57103541,1.5093787844280582,0.025 d,-0.000335693359375,1.999996467680433,-0.006827122842602059,0.04917054623365402
57103541,57103541,2.6697941207502334,0.025 d,0.001800537109375,1.9999982244962156,0.036618218209056926,0.04917052760720253
335963647,335963647,2.6162811743307683,0.01 d,0.012468218803405762,1.9974588413761913,0.07589609177686515,0.16428011655807495
335963647,335963647,1.3564033750965057,0.01 d,0.0016713142395019531,1.9999932813449663,0.01017258844760006,0.16429586708545685
335963647,335963647,4.484204325419175,0.01 d,-0.0032635927200317383,1.999997306757752,-0.019864404055634045,0.16429351270198822
335963647,335963647,9.549281343119425,0.01 d,0.006678164005279541,1.9814812603867926,0.0406479377269284,0.1642928123474121
444074627,444074627,1.2621866881430865,0.01 d,0.03590768575668335,1.9999958414450247,0.14683456959655902,0.24454517662525177
444074627,444074627,1.001125491265155,0.01 d,0.0007614493370056152,1.9999987535246149,0.003112203650913313,0.24466565251350403
444074627,444074627,1.920177937105248,0.01 d,0.0001685619354248047,1.9999962522721981,0.0006889302634116823,0.2446719855070114
444074627,444074627,2.706076125866663,0.01 d,0.014390230178833008,1.9999916750250641,0.05884401375166965,0.2445487529039383
100603346,100603346,5.410883674229086,0.013000000000000001 d,0.013640642166137695,1.999997704488447,0.27969103790393046,0.048770394176244736
100603346,100603346,1.5316128400496216,0.013000000000000001 d,0.0005118250846862793,1.9999997918227908,0.010489250487961777,0.048795200884342194
100603346,100603346,4.002624920399505,0.013000000000000001 d,-0.002722501754760742,2.0,-0.05581325300514719,0.04877876862883568
100603346,100603346,3.153397366089217,0.013000000000000001 d,-0.000118255615234375,1.9999997920470336,-0.0024241180193587328,0.048782944679260254
399518437,399518437,4.504426163869196,0.012 d,0.03352832794189453,2.0,0.20809473083936963,0.16112050414085388
399518437,399518437,7.608336149414062,0.012 d,0.010075092315673828,1.9995945262686474,0.06252545973637191,0.16113583743572235
399518437,399518437,10.0,0.012 d,0.00910794734954834,1.999884326111527,0.05652512666097307,0.16113094985485077
399518437,399518437,1.7908254128960117,0.012 d,0.004482865333557129,1.9286520578956463,0.02781749967058954,0.1611527055501938
158586133,158586133,9.222030951220905,0.012 d,0.019305884838104248,1.499887216973513,0.4828522358958104,0.039983008056879044
158586133,158586133,2.5754026559038126,0.012 d,0.001586318016052246,1.9996706028399196,0.03967249028111378,0.03998534008860588
158586133,158586133,1.005640137896622,0.012 d,0.00021886825561523438,1.9999699819648022,0.005473138842144958,0.03998953104019165
158586133,158586133,1.2880032285350957,0.012 d,0.0029889941215515137,1.944272043886025,0.07474491678075326,0.03998926281929016
950950276,950950276,8.121267951746258,0.011 d,0.04393875598907471,2.0,0.3776556998227105,0.11634606868028641
950950276,950950276,4.253289690017865,0.011 d,0.0022029876708984375,2.0,0.018938025618598617,0.11632615327835083
950950276,950950276,2.7926632100089135,0.011 d,0.001556098461151123,2.0000018838544493,0.013373319594779247,0.1163584291934967
950950276,950950276,1.0436713261917425,0.011 d,0.00041162967681884766,2.0,0.0035374538361570068,0.11636326462030411
21633235,21633235,2.6369631128818805,0.014 d,0.010593891143798828,2.0,0.1428316423728274,0.07417047768831253
21633235,21633235,1.0366511483670484,0.014 d,-0.0017485618591308594,1.9999981621686185,-0.02357942760047314,0.0741562470793724
21633235,21633235,7.4894584414162395,0.014 d,-0.0034651756286621094,2.0,-0.046717050596443765,0.07417368143796921
21633235,21633235,4.345170668999547,0.014 d,-0.0033811330795288086,2.0,-0.04557957251574115,0.07418088614940643
358165776,358165776,4.359858542576922,0.01 d,0.012480437755584717,2.0001593624303213,0.13672788677653464,0.09127938747406006
358165776,358165776,3.4002396405894286,0.01 d,0.0015878677368164062,2.0,0.01739514268065417,0.09128224849700928
358165776,358165776,1.2368876105516715,0.01 d,0.0008072853088378906,2.0005614825857148,0.00884409812025368,0.09127955138683319
358165776,358165776,1.4908176428169,0.01 d,-0.0012601613998413086,2.0,-0.013804507424362749,0.09128622710704803
270898354,270898354,9.400077015549876,0.014 d,0.1318456530570984,1.999993765820373,0.37423063521926764,0.35231122374534607
270898354,270898354,7.032233897581025,0.014 d,-0.010830044746398926,2.0,-0.030734723600112656,0.3523716330528259
270898354,270898354,1.6909810457964867,0.014 d,0.001230776309967041,1.9999959738139277,0.0034939038999608797,0.3522639274597168
270898354,270898354,3.8351393009949826,0.014 d,-0.0020345449447631836,1.9999959761740105,-0.005773918950646813,0.3523681163787842
202362742,202362742,9.810590845123457,0.094 d,0.027336597442626953,1.0020438729683263,0.5535026270230672,0.049388378858566284
202362742,202362742,6.048276766620245,0.094 d,0.00722503662109375,1.668168089478442,0.14622542855690965,0.04941026121377945
202362742,202362742,1.3055069526479335,0.094 d,0.0009586811065673828,1.9472608110213927,0.019341327333761982,0.04956645891070366
202362742,202362742,3.9268115400534396,0.094 d,0.009536206722259521,1.8340412283256975,0.19315810593597685,0.04936995357275009
48011814,48011814,9.843753344143478,0.01 d,0.06467169523239136,2.0,0.4597385406563644,0.14067059755325317
48011814,48011814,1.3187906734249595,0.01 d,-0.003021717071533203,2.0,-0.021483363170160603,0.1406538188457489
48011814,48011814,3.7837192605863423,0.01 d,-0.004233360290527344,2.0,-0.03008807850334855,0.14069892466068268
48011814,48011814,1.961658259758634,0.01 d,-0.0060520172119140625,1.7781467820237473,-0.04301401420780815,0.14069873094558716
328629385,328629385,9.088156943539834,0.034 d,0.010143876075744629,1.9999789874257965,0.15646515944704506,0.06483153253793716
328629385,328629385,3.8394557167789056,0.034 d,-0.0020530223846435547,1.9999981061285037,-0.03166230065994534,0.06484122574329376
328629385,328629385,7.176069949861095,0.034 d,0.003727734088897705,1.9999789215119075,0.05748322360469381,0.06484907865524292
328629385,328629385,2.9575566553958974,0.034 d,-0.0004214048385620117,1.9999943194695118,-0.006499051800292503,0.06484097242355347
130637127,130637127,2.3564166146808794,0.02 d,0.012047767639160156,1.8000040928818561,0.18868534822256838,0.06385110318660736
130637127,130637127,1.001125491265155,0.02 d,0.00015783309936523438,1.9999907568508404,0.0024697466527727873,0.06390659511089325
130637127,130637127,1.7767798083275017,0.02 d,0.0039424896240234375,1.9999907001168553,0.0617119193763032,0.06388538330793381
130637127,130637127,4.717031577580219,0.02 d,0.009678781032562256,1.9994016512176251,0.15148144822656498,0.06389416754245758
66140007,66140007,8.475934493557512,0.022 d,0.02836710214614868,1.9998365207731432,0.11931494937376479,0.23774977314272824
66140007,66140007,3.5090380712947877,0.022 d,8.238440041274941e-09,1.9999340972401638,3.4649464690118066e-08,0.23776529060272963
66140007,66140007,1.4511090440206358,0.022 d,-5.473538955413915e-09,2.0,-2.3023917459606312e-08,0.23773273879290163
66140007,66140007,1.0531055707361887,0.022 d,-4.210624515721406e-09,1.9998682379979926,-1.7714266011561236e-08,0.2376968096207507
171731624,171731624,3.9312311321416797,0.013000000000000001 d,0.015974044799804688,1.0103628521729242,0.3252704493313902,0.049110040068626404
171731624,171731624,2.3353066602667605,0.013000000000000001 d,0.0005880594253540039,1.99999085004151,0.011969375335334497,0.049130335450172424
171731624,171731624,6.2770098331558035,0.013000000000000001 d,-0.0004184246063232422,1.9834602829846588,-0.008519436861582665,0.04911411553621292
171731624,171731624,8.057572117733786,0.013000000000000001 d,-0.0012443065643310547,1.999981662700566,-0.025330697651350115,0.04912247508764267
115073581,115073581,6.463300131451014,0.019 d,0.08636343479156494,1.0008409356354242,0.3030566315560501,0.2849745750427246
115073581,115073581,9.810590845123457,0.019 d,-0.005646228790283203,1.9999528442050785,-0.01980650147030781,0.28506946563720703
115073581,115073581,2.410030128818746,0.019 d,0.017908334732055664,1.9999904008491483,0.06281373994636669,0.2851021885871887
115073581,115073581,3.800782211798019,0.019 d,0.010570287704467773,1.9995861429103021,0.037073702851574845,0.285115510225296
435210243,435210243,9.232410266503493,0.018000000000000002 d,0.03760826587677002,1.9997244647929502,0.22454820964065586,0.16748414933681488
435210243,435210243,1.7827858134277699,0.018000000000000002 d,0.0018842816352844238,1.999982698018598,0.011246546822204823,0.16754312813282013
435210243,435210243,4.224680252147404,0.018000000000000002 d,-0.003264307975769043,1.9999780994919587,-0.019490675057605256,0.1674804985523224
435210243,435210243,1.0590452313748415,0.018000000000000002 d,0.0005935430526733398,1.9999737867250054,0.0035432905562304343,0.16751182079315186
47481377,47481377,6.44152599949322,0.02 d,0.014665842056274414,2.0,0.14622054460693185,0.10029946267604828
47481377,47481377,1.5895352062322048,0.02 d,0.0010099411010742188,2.0,0.010067046057374409,0.10032149404287338
47481377,47481377,3.217896390867768,0.02 d,-0.0005548000335693359,2.0,-0.0055290700152349406,0.10034237802028656
47481377,47481377,4.851564149790499,0.02 d,0.0019592642784118652,2.0,0.019526508455969902,0.10033868998289108
416856967,416856967,8.324751436300215,0.011 d,0.025178134441375732,1.0227368929869023,0.3346645236107521,0.07523395121097565
416856967,416856967,1.5385197571238272,0.011 d,-0.003277420997619629,1.9999962149314174,-0.0435540349126945,0.07524953782558441
416856967,416856967,1.9288371161304612,0.011 d,-0.0003428459167480469,1.9999905503035775,-0.00455732829005905,0.07522958517074585
416856967,416856967,5.502955414627509,0.011 d,0.006805837154388428,1.9924757857356492,0.09043394858892236,0.0752575471997261
18782844,18782844,5.5777395543322195,0.013000000000000001 d,0.05189114809036255,1.999585214210149,0.4165624170877919,0.12456992268562317
18782844,18782844,8.717673233387845,0.013000000000000001 d,0.049884915351867676,2.000238864238132,0.40045561018486375,0.12457039952278137
18782844,18782844,1.1771596544606056,0.013000000000000001 d,0.002652287483215332,1.9997230395810186,0.021293833172306438,0.12455660104751587
18782844,18782844,1.6986066451333208,0.013000000000000001 d,0.006423473358154297,1.9997081227542488,0.0515618785723214,0.12457795441150665
315136775,315136775,7.958486494785899,0.016 d,0.030289947986602783,1.9999967226998727,0.16151654513935654,0.1875346451997757
315136775,315136775,2.755220279299949,0.016 d,0.0016689300537109375,1.9999963382667636,0.008899624944377344,0.18752813339233398
315136775,315136775,9.657303643970742,0.016 d,-0.0038154125213623047,1.999998770777995,-0.02034385313283881,0.18754620850086212
315136775,315136775,1.4708293458036283,0.016 d,0.00047475099563598633,1.9999967508419723,0.002531696466280958,0.18752287328243256
148654362,148654362,7.314615463173757,0.025 d,0.016622841358184814,1.9999907829709784,0.2298219731594866,0.07232920825481415
148654362,148654362,2.1976769315986604,0.025 d,0.005707204341888428,1.9999890728327632,0.07892442992634759,0.07231226563453674
148654362,148654362,9.711772168232287,0.025 d,0.006868302822113037,1.974350561914648,0.094840768295738,0.07241930812597275
148654362,148654362,3.132186272417951,0.025 d,-0.005406618118286133,2.0,-0.07467555120329614,0.07240144908428192
165821201,165821201,1.2438638272378062,0.015 d,0.007622361183166504,2.0,0.12390280714118279,0.061518874019384384
165821201,165821201,1.7569055400972047,0.015 d,-0.0012202262878417969,1.999990892780782,-0.019838595793334877,0.0615076944231987
165821201,165821201,3.1006368470975705,0.015 d,0.0026171207427978516,2.0,0.04254850866607414,0.06150910630822182
165821201,165821201,5.086272325993491,0.015 d,0.002559363842010498,2.0,0.041596997661446415,0.06152760982513428
232951587,232951587,7.143854230931982,0.027 d,0.12581264972686768,1.9999810637741904,0.2191990251664124,0.5739653706550598
232951587,232951587,9.592344506753546,0.027 d,0.006968319416046143,1.9999987409728484,0.012121337167763292,0.5748804211616516
232951587,232951587,5.33833667258481,0.027 d,0.0014840364456176758,1.9999987431565451,0.0025813718428919327,0.5749022364616394
232951587,232951587,4.153995750069098,0.027 d,-0.0038247108459472656,1.9999987477835974,-0.006664603279124404,0.5738842487335205
765065668,765065668,7.904954325216111,0.044 d,0.2373754382133484,2.0,0.14115634455838166,1.681649088859558
765065668,765065668,1.6626886908460208,0.044 d,-0.02300548553466797,1.9999743024582477,-0.013675372601535837,1.6822565793991089
765065668,765065668,2.6727989507129006,0.044 d,0.02734506130218506,1.999993585918485,0.01625532136834194,1.6822221279144287
765065668,765065668,2.0267044683987034,0.044 d,0.0,1.9999353616519537,0.0,1.6821606159210205
456724995,456724995,2.6339985704983535,0.01 d,0.0472712516784668,1.600134589886597,0.2300810656581642,0.2054547667503357
456724995,456724995,1.1291720945037094,0.01 d,0.009187817573547363,1.913112889547437,0.044718688146215775,0.2054581195116043
456724995,456724995,1.6758323948450773,0.01 d,0.00025522708892822266,1.8751813424809516,0.0012421862042051716,0.20546604692935944
456724995,456724995,9.027026129421198,0.01 d,0.015952646732330322,1.999987183341926,0.07763984907512572,0.20546983182430267
29257211,29257211,5.040706963624809,0.017 d,0.02770024538040161,991.4443033107821,0.6680362089588765,0.04146518558263779
29257211,29257211,3.93565569844221,0.017 d,0.005320131778717041,1.666415789833677,0.1281793364726431,0.04150537773966789
29257211,29257211,1.0424980037945302,0.017 d,0.0,1.9524210321576771,0.0,0.04148905351758003
29257211,29257211,2.05424700485139,0.017 d,-0.00109100341796875,2.0,-0.026279942986421768,0.04151467978954315
192973597,192973597,1.1653025337856275,0.026000000000000002 d,0.021360576152801514,1.9999816642291453,0.10131350699753028,0.21083641052246094
192973597,192973597,3.9534038178304525,0.026000000000000002 d,-0.008538126945495605,2.0,-0.040514115144189025,0.21074450016021729
192973597,192973597,3.1392407366349993,0.026000000000000002 d,-0.009364485740661621,2.0,-0.04443577092286741,0.2107420563697815
192973597,192973597,8.816288310994606,0.026000000000000002 d,0.01029050350189209,1.9999938222218716,0.04880767908313506,0.21083779633045197
304704850,304704850,6.305316455598439,0.013000000000000001 d,0.07900291681289673,1.012931410756213,0.4005179284373383,0.19725188612937927
304704850,304704850,2.019876728755355,0.013000000000000001 d,0.008349895477294922,1.9999974708565735,0.0423373391785626,0.19722296297550201
304704850,304704850,4.043352203934771,0.013000000000000001 d,0.003638923168182373,1.9999943066387391,0.018453640483933883,0.1971926987171173
304704850,304704850,2.5754026559038126,0.013000000000000001 d,0.0,1.9999943032644791,0.0,0.1971738487482071
263638925,263638925,9.149701734131035,0.016 d,0.04062855243682861,1.999984628391395,0.2643817814510291,0.15367379784584045
263638925,263638925,5.080554206611801,0.016 d,-0.0013484954833984375,1.9999904416506173,-0.008773363627497343,0.15370336174964905
263638925,263638925,1.2285677777103134,0.016 d,0.0017693042755126953,1.9999962128223143,0.01151315422667909,0.15367676317691803
263638925,263638925,1.766814729614692,0.016 d,0.0003936290740966797,2.0,0.0025607857005478314,0.15371417999267578
1204673951,1204673951,2.3458378918048686,0.015 d,0.05022454261779785,1.0008242036160273,0.34348799324949897,0.14621920883655548
1204673951,1204673951,1.7275101809484823,0.015 d,0.01520317792892456,1.9995982277141957,0.10392356087124147,0.14629192650318146
1204673951,1204673951,7.772693958258012,0.015 d,0.011073648929595947,2.0,0.07571905026869086,0.146246537566185
1204673951,1204673951,1.3055069526479335,0.015 d,0.0014128684997558594,1.9999873445691017,0.009656328364863699,0.1463152915239334
446454750,446454750,1.696697027449312,0.027 d,0.029292166233062744,1.9996787284373807,0.27237918737150585,0.10754186660051346
446454750,446454750,3.392598662758707,0.027 d,0.016559123992919922,1.9999707842118357,0.1539165254542177,0.10758509486913681
446454750,446454750,6.783606914108307,0.027 d,0.024093031883239746,1.9978568198269622,0.2241682989753612,0.10747742652893066
446454750,446454750,4.519652364880253,0.027 d,0.011165022850036621,1.9999693045456988,0.10386028723786184,0.10750040411949158
816370956,816370956,6.220777250763816,0.02 d,0.059467971324920654,2.0172360589655933,0.17893703324049967,0.33234021067619324
816370956,816370956,1.1692415772892004,0.02 d,0.002513289451599121,2.000000648069052,0.00756678835630518,0.3321474492549896
816370956,816370956,4.200986111178564,0.02 d,-0.006161928176879883,2.000000648285633,-0.01855486198677199,0.33209237456321716
816370956,816370956,3.018049989363803,0.02 d,0.0030367374420166016,2.0,0.009136374302270564,0.3323788344860077
18747353,18747353,8.649299739181263,0.02 d,0.0509723424911499,1.6850402374128504,0.2817376281398294,0.18092131614685059
18747353,18747353,1.6075161666931819,0.02 d,-0.0034714937210083008,1.9999987586131764,-0.019195282552173024,0.18085139989852905
18747353,18747353,3.6417424877108697,0.02 d,0.0014774203300476074,2.0,0.008167534798807276,0.18088938295841217
18747353,18747353,2.091553505223383,0.02 d,3.427267074584961e-05,1.9999958627918213,0.00018949389804931685,0.18086424469947815
163802843,163802843,2.733610839170548,0.025 d,0.013360440731048584,1.9999899887570842,0.05607788424077757,0.23824794590473175
163802843,163802843,1.56118307676743,0.025 d,0.0,1.999996251551083,0.0,0.23827232420444489
163802843,163802843,9.7336454999202,0.025 d,-0.0037169456481933594,1.9911381358789835,-0.015599804477113866,0.23826873302459717
163802843,163802843,2.1128353625871026,0.025 d,0.0011385679244995117,1.9999962508249896,0.0047774856424701515,0.2383194863796234
38840459,38840459,7.994375855868747,0.011 d,0.08393204212188721,1.0003111500073394,0.6153676730140636,0.13639332354068756
38840459,38840459,1.59850040398689,0.011 d,0.03873598575592041,1.2002572576299446,0.28389034906615335,0.1364469975233078
38840459,38840459,3.132186272417951,0.011 d,0.02762138843536377,1.999527257055299,0.20243579524065544,0.13644517958164215
38840459,38840459,5.332335175921431,0.011 d,0.06466501951217651,1.9999710683476022,0.47401982089776573,0.1364183872938156
18747353,18747353,8.649299739181263,0.02 d,0.0509723424911499,1.6850402374128504,0.2817376281398294,0.18092131614685059
18747353,18747353,1.6075161666931819,0.02 d,-0.0034714937210083008,1.9999987586131764,-0.019195282552173024,0.18085139989852905
18747353,18747353,3.6417424877108697,0.02 d,0.0014774203300476074,2.0,0.008167534798807276,0.18088938295841217
18747353,18747353,2.091553505223383,0.02 d,3.427267074584961e-05,1.9999958627918213,0.00018949389804931685,0.18086424469947815
385331518,385331518,8.55255252142526,0.031 d,0.021063625812530518,1.9996757954933604,0.1915663072676375,0.10995475202798843
385331518,385331518,4.509495856171168,0.031 d,0.0014927387237548828,1.750676058088002,0.013572476606425615,0.10998278111219406
385331518,385331518,6.1098188515451834,0.031 d,-0.006695866584777832,1.6672251090192112,-0.0609153612376005,0.10992082208395004
385331518,385331518,1.2203039076079445,0.031 d,-0.0007225275039672852,2.0,-0.006570437206171181,0.10996642708778381
173097622,173097622,2.849783842986387,0.017 d,0.0029259920120239258,1.9999816073448429,0.024294155255067906,0.12044016271829605
173097622,173097622,3.481516370513498,0.017 d,0.0008071660995483398,1.9953913857646854,0.006700438105092651,0.12046467512845993
173097622,173097622,1.351833804524712,0.017 d,-0.0004940032958984375,1.9999969419970158,-0.004101378474888954,0.12044811248779297
173097622,173097622,2.2200386100701963,0.017 d,-0.0009887218475341797,2.0,-0.008206820484769138,0.12047562748193741
335609834,335609834,9.83268674110336,0.01 d,0.04820084571838379,1.9822993531836224,0.36168328828930063,0.1332681030035019
335609834,335609834,1.7333496411387173,0.01 d,0.006606400012969971,1.9999979295694,0.0495649533560773,0.1332877278327942
335609834,335609834,4.057019847975521,0.01 d,0.007336735725402832,1.9999979252365456,0.05504835178620363,0.133278027176857
335609834,335609834,2.6399309918319656,0.01 d,0.0001119375228881836,1.999996683343086,0.0008397497653015666,0.13329866528511047
452981151,452981151,3.8698069603620615,0.015 d,0.008889555931091309,1.9999282270794307,0.10824560586996276,0.08212394267320633
452981151,452981151,2.5494615187250136,0.015 d,-0.00279390811920166,1.9999319162049596,-0.0340121023991107,0.08214452862739563
452981151,452981151,7.4894584414162395,0.015 d,-0.001877427101135254,199.7902260362374,-0.022856657705441336,0.08213917911052704
452981151,452981151,1.6422422657574647,0.015 d,0.001528620719909668,2.0,0.018610439617755242,0.0821378082036972
224288915,224288915,8.87599201343534,0.014 d,0.014611601829528809,1.9998436292903903,0.19976540430653386,0.07314380525622823
224288915,224288915,2.2001503977888075,0.014 d,5.075441256163771e-08,1.9998107262902627,6.937992365726688e-07,0.07315432172044725
224288915,224288915,1.1587669285187367,0.014 d,-1.1236643615575304e-08,1.9996847606586647,-1.5357974260630467e-07,0.07316488115480162
224288915,224288915,3.540757945597711,0.014 d,6.010072306494862e-08,1.9998693252123543,8.216016173711286e-07,0.07315068738210664
1911836781,1911836781,1.65895231671683,0.052000000000000005 d,0.20470380783081055,2.0,0.9951353875383804,0.2057044804096222
1911836781,1911836781,4.973123145824381,0.052000000000000005 d,0.20118027925491333,31.54308884836337,0.9669201245875669,0.20806297659873962
1911836781,1911836781,1.1052951411260217,0.052000000000000005 d,0.09320783615112305,32.259679011515956,0.4512533986997559,0.20655320584774017
1911836781,1911836781,2.764533682667255,0.052000000000000005 d,0.10458648204803467,31.50205575374569,0.5021239832759836,0.20828816294670105
357317802,357317802,3.3471120332941404,0.013000000000000001 d,0.016986370086669922,1.9999885794439651,0.23967260565976584,0.07087322324514389
357317802,357317802,8.69808298241946,0.013000000000000001 d,0.00036132335662841797,1.9761889522023275,0.0050961020220793955,0.07090190798044205
357317802,357317802,5.184470952146292,0.013000000000000001 d,0.0024476051330566406,1.9929018231633093,0.03452198102905163,0.07089990377426147
357317802,357317802,1.5788433154747197,0.013000000000000001 d,0.0029221773147583008,1.9999886003032004,0.041207985024218394,0.07091289013624191
124598476,124598476,2.7958063280582985,0.054 d,0.0014248490333557129,1.9998139840987463,0.06416434984903814,0.022206241264939308
124598476,124598476,3.5647358772784394,0.054 d,0.0001582503318786621,1.999740893716337,0.007128346226192595,0.022200146690011024
124598476,124598476,1.5506818945074925,0.054 d,-0.00010800361633300781,1.9997443709275966,-0.00486690013529519,0.02219145931303501
124598476,124598476,8.826210966479719,0.054 d,0.000990748405456543,1.9997644800755736,0.04462115672872587,0.022203557193279266
250326099,250326099,4.9955497984808765,0.01 d,0.04616260528564453,1.9935904142540122,0.38716953514460367,0.11923098564147949
250326099,250326099,1.350314037869873,0.01 d,-0.005320906639099121,1.9999982265957033,-0.044620378459733476,0.11924835294485092
250326099,250326099,1.021602332706686,0.01 d,0.004782557487487793,2.0,0.040116214430360495,0.11921756714582443
250326099,250326099,2.1295375166087633,0.01 d,-0.0015337467193603516,1.9972826971738635,-0.012862862265536101,0.11923836916685104
258470866,258470866,7.506326568655446,0.027 d,0.02868354320526123,1.5002993408929752,0.19673162555009216,0.1458003669977188
258470866,258470866,1.4511090440206358,0.027 d,-0.003055572509765625,2.0,-0.020967649412754277,0.1457279473543167
258470866,258470866,2.270549233134924,0.027 d,-0.0005414485931396484,2.0,-0.003712577664660319,0.14584168791770935
258470866,258470866,2.85941689724298,0.027 d,0.006234407424926758,1.9999306995226838,0.042757480596927064,0.14580857753753662
453433386,453433386,6.116695399294278,0.021 d,0.012859046459197998,1.9999908445854828,0.18174617273695787,0.07075277715921402
453433386,453433386,3.430976033814001,0.021 d,0.0038014650344848633,2.0,0.053731748177397835,0.0707489550113678
453433386,453433386,2.115213340332405,0.021 d,-0.003966808319091797,1.9999854494336977,-0.05604916429354436,0.07077372819185257
453433386,453433386,4.191545705461416,0.021 d,0.0027170181274414062,1.9944715796516923,0.03839441131541857,0.07076597958803177
87949800,87949800,7.216543973934115,0.012 d,0.023803651332855225,1.9999983880358638,0.16542442358799292,0.14389441907405853
87949800,87949800,1.1228391269917533,0.012 d,0.0019239187240600586,2.0,0.013369794652413506,0.14390039443969727
87949800,87949800,9.624769273042016,0.012 d,-0.0010669231414794922,1.9999941888441746,-0.007414994236809647,0.1438872516155243
87949800,87949800,4.961947603002903,0.012 d,0.004830002784729004,1.9999942086029916,0.033568351284175645,0.14388561248779297
1309228385,1309228385,9.668172854866981,0.031 d,0.025187373161315918,1.999990549191048,0.24486292576324642,0.10286315530538559
1309228385,1309228385,3.469787533027537,0.031 d,-0.00011205673217773438,1.9999871474045687,-0.0010894314573043555,0.10285799205303192
1309228385,1309228385,4.200986111178564,0.031 d,-0.002181529998779297,1.999972450192348,-0.02120715501017951,0.10286764055490494
1309228385,1309228385,1.020453820844831,0.031 d,-0.00011873245239257812,2.0,-0.0011536800918079157,0.10291627049446106
56651942,56651942,5.149597992529941,0.02 d,0.0030440092086791992,2.0,0.20043520184932578,0.01518699899315834
56651942,56651942,6.241805191153847,0.02 d,-0.00030934810638427734,1.3340038982126496,-0.020361431344381037,0.015192846767604351
56651942,56651942,7.608336149414062,0.02 d,-5.054473876953125e-05,2.0,-0.0033269135116506337,0.015192681923508644
56651942,56651942,9.821632579425653,0.02 d,-0.000217437744140625,2.0,-0.014314553534083207,0.01518997736275196
286924740,286924740,1.8274546350557574,0.014 d,0.01110374927520752,2.0,0.07230665375918598,0.1535646956113894
286924740,286924740,7.306392182592452,0.014 d,-7.710583527220649e-08,2.0,-5.020809765300053e-07,0.1535725089707686
286924740,286924740,3.940085244553466,0.014 d,-3.949551441451149e-08,2.0,-2.5718634923296453e-07,0.15356769335660062
286924740,286924740,5.380536705253619,0.014 d,1.5992115853791233e-08,1.9997420158350165,1.0415648576943006e-07,0.15353931860943143
22635383,22635383,5.515349441892861,0.015 d,0.012478530406951904,1.999995844582121,0.154527687825358,0.08075271546840668
22635383,22635383,2.0892021264788876,0.015 d,0.004074811935424805,1.9999979290222796,0.05043977743533055,0.08078568428754807
22635383,22635383,1.1127801744968886,0.015 d,0.0003236532211303711,1.999998759288022,0.004006759100065672,0.08077681064605713
22635383,22635383,9.431851864765127,0.015 d,-0.0014480352401733398,1.9999937604558127,-0.01792799523351769,0.08076950162649155
39927600,39927600,1.1419453874168226,0.024 d,0.024225592613220215,1.9996695907588042,0.14977117259237435,0.1617507040500641
39927600,39927600,2.852991249809248,0.024 d,0.0013949871063232422,1.9999884192236232,0.008617872437886897,0.16187140345573425
39927600,39927600,1.955049653483918,0.024 d,0.0019398927688598633,1.9999892449712033,0.011988171322261668,0.16181723773479462
39927600,39927600,8.562178344582904,0.024 d,0.01017385721206665,1.9995813788245815,0.06285006788944376,0.16187503933906555
321424787,321424787,7.151894576468437,0.043000000000000003 d,0.016671955585479736,1.9999704101148132,0.17028772646717,0.09790462255477905
321424787,321424787,2.2051056848960924,0.043000000000000003 d,0.0014055967330932617,1.999990845923811,0.014347796095743947,0.0979660376906395
321424787,321424787,9.932735741142663,0.043000000000000003 d,0.00044727325439453125,1.9999981602338845,0.004562759952934377,0.09802690893411636
321424787,321424787,4.743636286140491,0.043000000000000003 d,-0.003482341766357422,1.9999945104261247,-0.03552507437477193,0.0980248972773552
27688847,27688847,8.856045990398986,0.013000000000000001 d,0.0033913254737854004,2.0,0.08967059327737563,0.03781981751024112
27688847,27688847,3.5328011967135122,0.013000000000000001 d,-2.5543536841254877e-08,2.0000873963768866,-6.753618762704118e-07,0.03782199993626434
27688847,27688847,5.149597992529941,0.013000000000000001 d,0.0,2.1249131339188616,0.0,0.037822817030873625
27688847,27688847,1.0045095711485297,0.013000000000000001 d,8.08327615953175e-09,2.0001382792299016,2.1373145739120665e-07,0.03781977748243395
275293861,275293861,5.231335866002457,0.099 d,0.013817429542541504,1.9998678706722837,0.20174145137482802,0.06849078088998795
275293861,275293861,1.001125491265155,0.099 d,-0.0017352104187011719,1.998677654151344,-0.025413001095647602,0.0682804211974144
275293861,275293861,1.497540591046666,0.099 d,0.0022557973861694336,1.9998767838666642,0.03305030563302009,0.06825345009565353
275293861,275293861,2.314385819344963,0.099 d,0.00043952465057373047,1.99868476975348,0.006398522109729144,0.06869158893823624
178052346,178052346,1.350314037869873,0.025 d,0.03176772594451904,2.0,0.1002810074875748,0.31678706407546997
178052346,178052346,5.788677896248079,0.025 d,-0.003718733787536621,1.9997003175677281,-0.011732610809610322,0.3169570565223694
178052346,178052346,8.139559071488135,0.025 d,-0.01854705810546875,2.0,-0.058519749437498166,0.316936731338501
178052346,178052346,4.052458840947635,0.025 d,-0.013569116592407227,2.0,-0.04280415620662803,0.31700465083122253
144723568,144723568,6.677615324610845,0.01 d,0.03631889820098877,112.9834177079382,0.312174314103982,0.1163417249917984
144723568,144723568,1.0090394785290029,0.01 d,0.007008254528045654,2.0,0.06023171452393623,0.11635489016771317
144723568,144723568,2.36704304306036,0.01 d,0.0018842220306396484,2.0,0.016191308619034315,0.11637243628501892
144723568,144723568,1.7807815593375862,0.01 d,0.007954001426696777,2.0,0.06834932082708998,0.11637279391288757
1001265917,1001265917,5.018077585723148,0.01 d,0.21405643224716187,1.9999077511545746,0.7277684626661268,0.29412710666656494
1001265917,1001265917,1.7275101809484823,0.01 d,-0.01730632781982422,1.9654595346625343,-0.058809130897772365,0.2942796051502228
1001265917,1001265917,2.303995786420189,0.01 d,0.06103271245956421,2.0,0.20748720402127924,0.2941516935825348
1001265917,1001265917,7.729100764131422,0.01 d,0.04163515567779541,1.6666707876691493,0.14148182198136974,0.29427918791770935
229797408,229797408,6.333750728768956,0.019 d,0.0005196332931518555,2.0,0.030596005941283658,0.016983696961919672
229797408,229797408,3.419417461043913,0.019 d,2.1045181153311887e-09,1.9999484251125221,1.238332111808716e-07,0.016994779472021573
229797408,229797408,5.018077585723148,0.019 d,8.342280088946552e-09,1.9999871267783673,4.90844529550871e-07,0.016995768693968828
229797408,229797408,2.660799884322549,0.019 d,-5.022678939425873e-09,1.999980668391776,-2.9553144594568894e-07,0.016995412868344682
5392904,5392904,2.566726413715828,0.011 d,0.019021987915039062,2.0,0.13572018259131027,0.14015592634677887
5392904,5392904,4.374596065212219,0.011 d,0.0,1.9999907708932432,0.0,0.14014944434165955
5392904,5392904,1.6852843206436297,0.011 d,-0.004201412200927734,2.0023560340455733,-0.029973408422770995,0.14017131924629211
5392904,5392904,1.2189320102775592,0.011 d,0.004137396812438965,2.0,0.029513658581385143,0.14018583297729492
295177299,295177299,8.976398006847617,0.038 d,0.031034111976623535,1.9999953395273269,0.20766591324526001,0.14944249391555786
295177299,295177299,1.6608194530586038,0.038 d,-0.0038541555404663086,1.999995343693693,-0.025763328554156598,0.14959850907325745
295177299,295177299,3.1286649873031442,0.038 d,-0.003972530364990234,1.9999953369050616,-0.02655859603820727,0.1495760679244995
295177299,295177299,6.8680649222180605,0.038 d,-0.0023937225341796875,1.9999953404321198,-0.016014558254301495,0.14947165548801422
268518702,268518702,2.733610839170548,0.08700000000000001 d,0.06554430723190308,1.9999934884448272,0.12751714664278788,0.5140038728713989
268518702,268518702,1.1368188220557747,0.08700000000000001 d,0.0024374723434448242,2.0,0.00474142953625146,0.5140796303749084
268518702,268518702,2.0704860126231797,0.08700000000000001 d,-0.012142181396484375,2.0,-0.0236088053222725,0.5143073201179504
268518702,268518702,7.599782660412689,0.08700000000000001 d,-0.001337289810180664,1.999699852138371,-0.0026005116410450124,0.5142410397529602
355209885,355209885,9.10862573829885,0.045 d,0.01531308889389038,1.999998750200302,0.1801740579400654,0.08499053120613098
355209885,355209885,1.52131055979539,0.045 d,-0.0001239776611328125,1.9999925273863126,-0.0014570308128743384,0.08508925139904022
355209885,355209885,1.0366511483670484,0.045 d,0.001300215721130371,1.9999979267983283,0.01529274657507657,0.0850217267870903
355209885,355209885,3.7162300361175173,0.045 d,-0.0011086463928222656,1.9999946018803154,-0.013040281060122269,0.08501706272363663
335812977,335812977,8.45688747499246,0.013000000000000001 d,0.029108047485351562,1.9999999999999731,0.4454850862083317,0.06534011662006378
335812977,335812977,1.3307118534016336,0.013000000000000001 d,0.004378557205200195,2.0,0.06700075074861095,0.06535086780786514
335812977,335812977,1.0045095711485297,0.013000000000000001 d,0.0031901001930236816,2.0,0.048827594008696115,0.06533396244049072
335812977,335812977,1.995037888839027,0.013000000000000001 d,0.004905343055725098,2.0,0.07505696385150991,0.06535493582487106
386705400,386705400,9.788544602776584,0.01 d,0.02909409999847412,2.0,0.2560147445627884,0.11364228278398514
386705400,386705400,3.75404321056508,0.01 d,0.007927954196929932,1.7503260216397991,0.06974873603718562,0.11366448551416397
386705400,386705400,1.0366511483670484,0.01 d,0.0003460049629211426,2.0,0.003044032081371356,0.11366666108369827
386705400,386705400,1.9594529126209963,0.01 d,-0.0077054500579833984,2.0,-0.06779655239301557,0.11365548521280289
251080865,251080865,1.3262288346798552,0.1 d,0.003912568092346191,1.9999867923542194,0.19381617108096316,0.020187005400657654
251080865,251080865,2.666792668895412,0.1 d,0.0034946203231811523,1.9999867923542194,0.17289429300282008,0.02021246775984764
251080865,251080865,3.9712319736258266,0.1 d,0.004211485385894775,2.994444562293416,0.2083071954032498,0.020217666402459145
251080865,251080865,6.5954993144060845,0.1 d,0.002765953540802002,2.9998424665872183,0.1367690647857052,0.020223531872034073
219099282,219099282,5.149597992529941,0.013000000000000001 d,0.0047959089279174805,1.9999902683128477,0.06682554572631524,0.07176759839057922
219099282,219099282,1.9462727978276662,0.013000000000000001 d,-0.0002636909484863281,1.9999930851763223,-0.0036741443407619385,0.0717693492770195
219099282,219099282,3.6870833101457667,0.013000000000000001 d,0.0,1.9999986201909914,0.0,0.07177121937274933
219099282,219099282,7.41401972569607,0.013000000000000001 d,0.0016326308250427246,1.9925872473808872,0.022748271206963922,0.07176944613456726
289512725,289512725,5.314371137829077,0.012 d,0.03673583269119263,1.0005062787160526,0.25903129042931233,0.1418200582265854
289512725,289512725,1.5247369303792861,0.012 d,0.0005456209182739258,2.0,0.003846785403353036,0.14183814823627472
289512725,289512725,3.749822817737836,0.012 d,-0.005162239074707031,1.999681125303604,-0.03639763517073631,0.1418289691209793
289512725,289512725,2.687873905364868,0.012 d,-0.007903695106506348,1.9996664032947118,-0.05572178691108244,0.1418420970439911
110639468,110639468,1.3143478158191166,0.02 d,0.030365586280822754,1.9998136840469096,0.19666235665545445,0.1544046700000763
110639468,110639468,3.1146193895653096,0.02 d,0.01857781410217285,1.9999363530711902,0.12025980074123505,0.15448066592216492
110639468,110639468,1.0262093211115306,0.02 d,0.0020351409912109375,1.9998770719718315,0.013168251955433736,0.15454906225204468
110639468,110639468,2.091553505223383,0.02 d,0.012958824634552002,1.9998673182602584,0.08393463913255224,0.15439185500144958
422444008,422444008,4.306244464620969,0.016 d,0.008535981178283691,1.999999109020259,0.18130924907747398,0.04707967862486839
422444008,422444008,1.523022781542028,0.016 d,0.0028603076934814453,1.9980446927753799,0.06073721618719335,0.047093164175748825
422444008,422444008,8.17626499223867,0.016 d,0.004298746585845947,1.9999901660207051,0.09128183254724295,0.04709312319755554
422444008,422444008,1.2134598268524854,0.016 d,0.00010967254638671875,1.9999970472403055,0.0023289368585189055,0.047091249376535416
330101285,330101285,4.58107359918164,0.011 d,0.014343023300170898,1.5999414133038783,0.254716016862885,0.056309860199689865
330101285,330101285,3.427118841493252,0.011 d,0.0014890432357788086,1.9999614171252336,0.02644535014458166,0.05630642920732498
330101285,330101285,7.729100764131422,0.011 d,0.0028945207595825195,33.65838963741837,0.05139516148929498,0.05631893500685692
330101285,330101285,9.788544602776584,0.011 d,0.0019372105598449707,39.490154121046274,0.03440031446212199,0.05631374567747116
327831847,327831847,1.4592934991319475,0.013000000000000001 d,0.007432878017425537,1.9999984494205871,0.08566090226855111,0.08677095174789429
327831847,327831847,1.020453820844831,0.013000000000000001 d,-0.0004400014877319336,2.0,-0.00506929985961054,0.08679728955030441
327831847,327831847,9.788544602776584,0.013000000000000001 d,-0.005711078643798828,2.0,-0.06581097494646668,0.08678003400564194
327831847,327831847,3.8308277378377316,0.013000000000000001 d,-0.0013363361358642578,2.0,-0.015398642488096444,0.08678272366523743
73235712,73235712,1.4045363230795136,0.046 d,0.01264798641204834,1.9999612879917847,0.04816196918490092,0.26261356472969055
73235712,73235712,1.0296781912481967,0.046 d,0.00024235248565673828,1.9999625807806045,0.000922885808996457,0.26260289549827576
73235712,73235712,2.566726413715828,0.046 d,-0.00041496753692626953,1.9999599869016897,-0.0015796519410977243,0.2626955509185791
73235712,73235712,3.261627003805367,0.046 d,-0.004723548889160156,1.9996559787819643,-0.017977316024465194,0.262750506401062
135101534,135101534,1.1028113351116062,0.032 d,0.013611912727355957,1.9999945401220993,0.08743825943609655,0.15567456185817719
135101534,135101534,1.3292158325925447,0.032 d,-0.0005655288696289062,1.999994538879787,-0.0036316907505089123,0.1557205468416214
135101534,135101534,2.2150497658721586,0.032 d,-0.0004334449768066406,1.9999945317628665,-0.0027851637940196727,0.15562638640403748
135101534,135101534,4.808101420236998,0.032 d,0.002888619899749756,1.9999945152179903,0.018563224147398045,0.15560981631278992
29562411,29562411,8.866013392804991,0.091 d,0.0826420783996582,1.9999850825669885,0.3247908776777601,0.2544470429420471
29562411,29562411,6.36231322831739,0.091 d,0.015753507614135742,2.0,0.06192281951958154,0.25440552830696106
29562411,29562411,2.117593994470889,0.091 d,-0.01482999324798584,2.0,-0.05821295906672464,0.2547541558742523
29562411,29562411,2.9442792187776825,0.091 d,-0.0020536184310913086,1.9999908237169652,-0.008064020656475506,0.2546643316745758
27321433,27321433,3.9268115400534396,0.03 d,0.012608468532562256,2.0,0.19015518680442473,0.0663062036037445
27321433,27321433,1.270734187475609,0.03 d,-0.0006598234176635742,2.0,-0.00994746355404811,0.06633082032203674
27321433,27321433,7.208430947866817,0.03 d,0.0018573999404907227,1.9999963299927666,0.02799407814122627,0.06634974479675293
27321433,27321433,2.5523309153951876,0.03 d,3.4689903259277344e-05,1.9999963600829853,0.0005230332332800115,0.06632447242736816
165427922,165427922,8.806376810816367,0.026000000000000002 d,0.009494125843048096,1.8488465582064952,0.20400890269568783,0.04653780162334442
165427922,165427922,5.58401725147993,0.026000000000000002 d,0.0008541345596313477,2.0,0.018346577148685213,0.0465555265545845
165427922,165427922,3.0521904332591205,0.026000000000000002 d,0.00032401084899902344,1.9999817259394421,0.0069602521554926865,0.046551596373319626
165427922,165427922,1.819250595060328,0.026000000000000002 d,0.0009102821350097656,1.9999908902011412,0.019546851142847474,0.04656924679875374
354308207,354308207,1.6238728746062236,0.02 d,0.011557579040527344,1.99999409776502,0.09174647692397774,0.12597300112247467
354308207,354308207,3.458098208677272,0.02 d,-0.0038527250289916992,1.9999881531851982,-0.03057295196211088,0.12601743638515472
354308207,354308207,9.988757740413416,0.02 d,-0.00278627872467041,2.0,-0.022112088554312116,0.12600703537464142
354308207,354308207,4.219930756940908,0.02 d,-0.002707958221435547,2.0,-0.021492374634910633,0.12599623203277588
444045724,444045724,6.130471721986478,0.018000000000000002 d,0.014005601406097412,1.9837363681026503,0.2693151375365387,0.052004508674144745
444045724,444045724,1.4758011540778544,0.018000000000000002 d,-6.437301635742188e-05,1.9999908987352577,-0.0012378384875791361,0.052004374563694
444045724,444045724,4.414140132416765,0.018000000000000002 d,0.00027877092361450195,2.0,0.005359540497039511,0.05201395973563194
444045724,444045724,1.0929318015577605,0.018000000000000002 d,0.0002606511116027832,2.0,0.005011141280837627,0.052014321088790894
386705400,386705400,9.788544602776584,0.01 d,0.02909409999847412,2.0,0.2560147445627884,0.11364228278398514
386705400,386705400,3.75404321056508,0.01 d,0.007927954196929932,1.7503260216397991,0.06974873603718562,0.11366448551416397
386705400,386705400,1.0366511483670484,0.01 d,0.0003460049629211426,2.0,0.003044032081371356,0.11366666108369827
386705400,386705400,1.9594529126209963,0.01 d,-0.0077054500579833984,2.0,-0.06779655239301557,0.11365548521280289
311578051,311578051,5.880559674620496,0.026000000000000002 d,0.014968276023864746,1.9999800163236288,0.1289125674686806,0.11611184477806091
311578051,311578051,2.2350726606714324,0.026000000000000002 d,0.0017077922821044922,1.999998183019901,0.014695246541392665,0.11621392518281937
311578051,311578051,1.2822209618793647,0.026000000000000002 d,0.0002823472023010254,1.9999981825741229,0.0024298173520607602,0.1162009984254837
311578051,311578051,1.0124503098689435,0.026000000000000002 d,-0.0024535655975341797,1.999998183036407,-0.021128036948401412,0.11612842231988907
402339032,402339032,4.519652364880253,0.023 d,0.0011013150215148926,1.9999985731042618,0.055635388016499,0.019795224959845543
402339032,402339032,2.6488546856554693,0.023 d,4.968492284262993e-10,1.8890265280310858,2.50943478747633e-08,0.019799248456500714
402339032,402339032,5.730370552716295,0.023 d,8.432383236112173e-09,2.0,4.258870722841783e-07,0.019799575485788784
402339032,402339032,8.996615092624065,0.023 d,8.512939242422135e-10,2.0,4.299143808311597e-08,0.019801475879834364
36694741,36694741,7.7465086256148465,0.07200000000000001 d,0.0336989164352417,1.6235679332812243,0.5916164027278495,0.056960754096508026
36694741,36694741,5.184470952146292,0.07200000000000001 d,0.005690455436706543,1.9999888757779027,0.09992101927393988,0.05694953352212906
36694741,36694741,9.977528119666887,0.07200000000000001 d,0.016207098960876465,1.9999884411817614,0.2845999749191758,0.05694694444537163
36694741,36694741,3.1286649873031442,0.07200000000000001 d,0.00619959831237793,1.9996191958221208,0.10874430759169865,0.05701078474521637
142905656,142905656,6.9379484693873685,0.023 d,0.00011616945266723633,1.9996664694757642,0.002169149168406193,0.05355530839430151
142905656,142905656,2.192738338296888,0.023 d,9.526955890848399e-09,2.0,1.7785702232340224e-07,0.05356525014528398
142905656,142905656,3.261627003805367,0.023 d,0.0,1.0000709672023516,0.0,0.0535576646108185
142905656,142905656,4.359858542576922,0.023 d,-2.8169358623486573e-08,1.0000636495371598,-5.260467168499624e-07,0.05354915774813392
459719950,459719950,9.357877003403837,0.019 d,0.03338146209716797,2.0,0.31948692515554933,0.10448459535837173
459719950,459719950,7.339340877978913,0.019 d,0.004973173141479492,2.0,0.047588991409658325,0.1045025959610939
459719950,459719950,3.501152602932541,0.019 d,-0.00035941600799560547,1.9996696977721955,-0.0034394196563974134,0.10449902713298798
459719950,459719950,5.621832088364353,0.019 d,-0.0018398761749267578,1.9999725725920816,-0.017603119039110812,0.10451989620923996
33724884,33724884,1.0389859451497674,0.056 d,0.0069571733474731445,2.0,0.05053171138497138,0.1376793533563614
33724884,33724884,2.2527411115546223,0.056 d,0.007081270217895508,2.0000020149978446,0.051447869916621966,0.13763971626758575
33724884,33724884,3.294814527096208,0.056 d,0.006085753440856934,2.0000040150572085,0.04418770013368573,0.13772505521774292
33724884,33724884,4.680035475224978,0.056 d,0.0001310110092163086,2.0,0.0009514396747530743,0.13769765198230743
265530194,265530194,9.180630245938502,0.012 d,0.037515223026275635,1.9999959002654648,0.29575273156159215,0.126846581697464
265530194,265530194,7.087824340524919,0.012 d,0.002101600170135498,2.0,0.01656542217712984,0.1268666833639145
265530194,265530194,2.706076125866663,0.012 d,0.001070261001586914,1.9999939046415223,0.008434743476884311,0.12688720226287842
265530194,265530194,3.7245999124696896,0.012 d,0.005476057529449463,2.0,0.043169395697532774,0.1268504559993744
435825249,435825249,4.617287398984956,0.01 d,0.01272648572921753,41.73087458757614,0.30774638542761085,0.04135381057858467
435825249,435825249,8.69808298241946,0.01 d,0.0029152631759643555,1.999587686530277,0.07049504536650199,0.04135415703058243
435825249,435825249,2.07514926321481,0.01 d,0.0037356019020080566,2.0,0.09032818878004861,0.041355881839990616
435825249,435825249,1.5967033283378016,0.01 d,0.0005604028701782227,1.9999903381360047,0.01355446438096666,0.041344523429870605
160119816,160119816,2.6818337472896827,0.1 d,0.009294211864471436,2.0,0.06448866818838912,0.1441216282730555
160119816,160119816,1.7787795584818786,0.1 d,-0.005444467067718506,5.234229986409034,-0.03772968169208166,0.14430196130865156
160119816,160119816,6.227778681222025,0.1 d,0.0018364787101745605,2.0,0.012728277834452812,0.14428336135180778
160119816,160119816,3.5929154357632718,0.1 d,0.006283462047576904,2.0,0.04356266383359566,0.14423961931205592
1816553323,1816553323,5.867344951290518,0.032 d,0.014873087406158447,1.9959800161021348,0.21569803105496171,0.06895328313112259
1816553323,1816553323,9.977528119666887,0.032 d,-0.012843847274780273,1.999998093156891,-0.18615301034683723,0.06899618357419968
1816553323,1816553323,7.095801624909135,0.032 d,0.0001341104507446289,1.9999980997004634,0.001944410807337731,0.06897228211164474
1816553323,1816553323,2.8338008156147594,0.032 d,0.0012447237968444824,2.0,0.018041283593742827,0.06899308413267136
425819601,425819601,6.891280873208997,0.012 d,0.032876014709472656,1.9875777735803684,0.28380069562474697,0.11584191024303436
425819601,425819601,2.451039265538838,0.012 d,-0.000225067138671875,1.9999979152161718,-0.0019415135746235538,0.11592354625463486
425819601,425819601,1.0710252431147989,0.012 d,-0.0020377635955810547,1.9999975038147708,-0.01758057312730103,0.11590996384620667
425819601,425819601,9.326351367185056,0.012 d,0.006211757659912109,2.0,0.05359087284946285,0.11591073870658875
382939950,382939950,7.281777768240097,0.024 d,0.04419511556625366,2.0,0.3570641604742325,0.12377359718084335
382939950,382939950,1.2230523361819257,0.024 d,-0.004551529884338379,1.9999789924156752,-0.036755126227520356,0.12383387982845306
382939950,382939950,4.267666980581072,0.024 d,-0.007524013519287109,2.0,-0.06078531621840233,0.12378011643886566
382939950,382939950,1.8880508142733976,0.024 d,0.005744516849517822,1.9998673169489682,0.04642066193165672,0.12374913692474365
998143764,998143764,6.319517599925291,0.023 d,0.1114739179611206,2.0,0.32939555692855904,0.3384196162223816
998143764,998143764,3.5447430377375095,0.023 d,-0.004826784133911133,2.000000646573734,-0.014260996667209657,0.3384605050086975
998143764,998143764,1.3427407946287473,0.023 d,-0.00011730194091796875,2.0000003240604483,-0.00034636380484159574,0.3386668562889099
998143764,998143764,9.06773414601146,0.023 d,-0.028727293014526367,0.9746524764205539,-0.08486344724343552,0.33851197361946106
62942089,62942089,9.744600632908476,0.032 d,0.1262078881263733,1.9999966074905897,0.19229334352883695,0.6563299894332886
62942089,62942089,6.722835982589679,0.032 d,0.0,1.9999968705547766,0.0,0.6572762131690979
62942089,62942089,4.8734426235056345,0.032 d,0.03595072031021118,1.9999968342981114,0.05476997677633774,0.6563946604728699
62942089,62942089,1.3173080547158582,0.032 d,-0.011728405952453613,1.999997022523371,-0.017845030911163087,0.6572365164756775
208712116,208712116,9.129140633885733,0.015 d,0.05845397710800171,1.9999915998898163,0.24645112156627308,0.2371828407049179
208712116,208712116,1.010175143648284,0.015 d,-0.004152059555053711,1.9999984507003736,-0.01749841384514896,0.23728205263614655
208712116,208712116,5.769176490803401,0.015 d,0.0,1.9999931572716692,0.0,0.23726233839988708
208712116,208712116,2.410030128818746,0.015 d,-0.001486063003540039,1.999996275939078,-0.006265372395998575,0.23718670010566711
422526868,422526868,2.217542785035531,0.1 d,0.0004067420959472656,1.999999410296122,0.010472331058560611,0.03883969038724899
422526868,422526868,1.0022522492608983,0.1 d,2.2232532501220703e-05,1.999999410110033,0.0005793439609168041,0.038375359028577805
422526868,422526868,4.399269390262036,0.1 d,-0.0002777576446533203,1.9999934976907368,-0.00720109144439639,0.03857160359621048
422526868,422526868,1.2438638272378062,0.1 d,-2.1457672119140625e-06,1.999993512678634,-5.561708410056264e-05,0.03858108073472977
441569276,441569276,3.0936691330791297,0.04 d,0.018862009048461914,1.9899247229819639,0.19856534386820038,0.09499144554138184
441569276,441569276,1.442970491468,0.04 d,-0.006943225860595703,1.9999984984531083,-0.07309728635235047,0.09498609602451324
441569276,441569276,4.534930034644218,0.04 d,0.007137417793273926,1.9999954740710726,0.07515380764030657,0.09497080743312836
441569276,441569276,2.061190925493961,0.04 d,-0.009005904197692871,1.9999969986380202,-0.09480244262451942,0.09499654173851013
109692639,109692639,1.986081512949601,0.01 d,0.0638115406036377,1.9973600869267207,0.1473306182304197,0.43311798572540283
109692639,109692639,3.1251476609084716,0.01 d,-0.00017189979553222656,1.9958679741902883,-0.00039685160722148835,0.43315887451171875
109692639,109692639,5.410883674229086,0.01 d,-0.0207827091217041,1.9928532122981204,-0.04799314092682414,0.4330349862575531
109692639,109692639,1.3322095579690756,0.01 d,-0.004074454307556152,1.998228776862755,-0.009406792588259895,0.4331395924091339
144376819,144376819,7.032233897581025,0.011 d,0.0161745548248291,0.999885137355595,0.15156128208154954,0.10671956981814242
144376819,144376819,4.586229557502552,0.011 d,4.599138769822986e-08,1.999818358500146,4.307564000059928e-07,0.10676890162883247
144376819,144376819,1.005640137896622,0.011 d,1.9079383739573075e-08,2.0,1.7868644265107678e-07,0.10677577692242507
144376819,144376819,9.943914948458412,0.011 d,0.00805586576461792,0.9998781621121097,0.07545948917234502,0.10675749137684723
379136587,379136587,9.910415016247127,0.084 d,0.02003347873687744,1.9999944683787192,0.6365350084453961,0.03147270530462265
379136587,379136587,7.642646482601774,0.084 d,0.0032650232315063477,1.9999740413007565,0.0997724847475077,0.032724685966968536
379136587,379136587,5.097727879080436,0.084 d,0.002329707145690918,2.0,0.07132083988472815,0.03266516700387001
379136587,379136587,3.8308277378377316,0.084 d,-8.869171142578125e-05,2.0,-0.0027503833069477675,0.03224703669548035
144382040,144382040,8.504585486527635,0.01 d,0.06379330158233643,1.9999958446680663,0.3109698868628157,0.2051430195569992
144382040,144382040,3.1926581404369383,0.01 d,0.006923377513885498,1.9999979225893258,0.03375176161211117,0.20512640476226807
144382040,144382040,6.617793918574526,0.01 d,-0.01140904426574707,1.9999993753902021,-0.055616714448085566,0.2051369696855545
144382040,144382040,1.5682233429279933,0.01 d,-0.0012426376342773438,1.9999977196267358,-0.00605852647586677,0.20510558784008026
263723973,263723973,6.485147865971703,0.015 d,0.026157021522521973,1.6667648522356413,0.25068792625864655,0.10434097051620483
263723973,263723973,4.379519634872198,0.015 d,0.0,2.0,0.0,0.10435490310192108
263723973,263723973,3.3508791786511094,0.015 d,-0.002340078353881836,1.999930957705431,-0.0224217583575805,0.10436640679836273
263723973,263723973,1.1040525396363885,0.015 d,-0.00364530086517334,1.9548421507852434,-0.03492576711172635,0.10437282174825668
803307316,803307316,1.0855802767964209,0.018000000000000002 d,0.00788193941116333,2.0,0.07236427406264859,0.10892031341791153
803307316,803307316,3.0419079466187884,0.018000000000000002 d,0.0024521350860595703,2.0169479401780963,0.02250568129638523,0.10895626991987228
803307316,803307316,8.45688747499246,0.018000000000000002 d,0.0,2.0,0.0,0.10893973708152771
803307316,803307316,3.741396260774779,0.018000000000000002 d,-0.0019237995147705078,2.0,-0.017659320676146367,0.10893961042165756
372091627,372091627,7.922758252752512,0.02 d,0.011140227317810059,2.0,0.12398696757674327,0.08984998613595963
372091627,372091627,3.6787977406533865,0.02 d,-0.0012218952178955078,2.9996267898763684,-0.013595089652570023,0.08987768739461899
372091627,372091627,9.592344506753546,0.02 d,0.0,2.0,0.0,0.08987683057785034
372091627,372091627,2.5899282820224365,0.02 d,-0.0014569759368896484,2.0002681684819343,-0.016210339164408876,0.08987942337989807
219863212,219863212,6.588084482866514,0.027 d,0.0007301568984985352,2.0,0.03624558221088416,0.020144714306155546
219863212,219863212,1.7989012675100613,0.027 d,0.0,2.0,0.0,0.020114545221102495
219863212,219863212,4.186833460972433,0.027 d,-2.2452235626246875e-09,1.9999400530722393,-1.1143575667033561e-07,0.020148143017207777
219863212,219863212,2.1804403540248285,0.027 d,0.0,1.993789717322713,0.0,0.020139389189007602
130927019,130927019,4.6069114859956,0.03 d,0.02942824363708496,1.999995022150284,0.1589911364415443,0.18509361147880554
130927019,130927019,10.0,0.03 d,0.005205333232879639,1.999996582231887,0.028121678239261122,0.18510037660598755
130927019,130927019,1.2909041328545985,0.03 d,-0.00032198429107666016,1.999998450223105,-0.0017394315726311294,0.18510891497135162
130927019,130927019,2.8338008156147594,0.03 d,-0.0007358789443969727,1.9999968942115085,-0.003974424740971068,0.18515357375144958
466199456,466199456,1.7928409712556441,0.015 d,0.002552628517150879,1.9999854125879608,0.10765863645005036,0.02371039241552353
466199456,466199456,1.0698211687341106,0.015 d,-0.0003706216812133789,1.999990073076452,-0.015628582391218032,0.023714350536465645
466199456,466199456,3.291110411075881,0.015 d,0.0,1.9999869576815008,0.0,0.023705245926976204
466199456,466199456,4.394323617414371,0.015 d,1.9073486328125e-06,1.9999900548706582,8.04393496729952e-05,0.023711636662483215
199574211,199574211,3.8050599589781546,0.028 d,0.3287871479988098,1.9819880617837724,1.7108127754251827,0.19218184053897858
199574211,199574211,1.2678786088159946,0.028 d,0.013827919960021973,2.091344757696229,0.07177100620757919,0.19266721606254578
199574211,199574211,1.9029760261754283,0.028 d,-0.003914237022399902,2.0,-0.02012397681283951,0.19450613856315613
199574211,199574211,6.340879309889854,0.028 d,-0.005141615867614746,1.999965415391819,-0.026491758370423033,0.19408360123634338
1981843319,1981843319,7.93167524796192,0.016 d,0.047191500663757324,1.9565023198801836,0.291342647806141,0.16197937726974487
1981843319,1981843319,1.0978604552773759,0.016 d,-0.006148338317871094,1.9999926236104097,-0.03792059126301151,0.1621371954679489
1981843319,1981843319,9.821632579425653,0.016 d,-0.0032303333282470703,1.9999923562671114,-0.01992814307844877,0.16209906339645386
1981843319,1981843319,1.5489385776680649,0.016 d,0.0021299123764038086,2.0,0.0131404650589816,0.1620880514383316
66488952,66488952,5.260841321670255,0.01 d,0.0518377423286438,1.9952403943998223,0.1900404207887582,0.2727721929550171
66488952,66488952,1.1653025337856275,0.01 d,-0.011382460594177246,2.0,-0.0417253830214534,0.272794634103775
66488952,66488952,2.407320710386778,0.01 d,-0.0005227327346801758,1.9999987457778616,-0.0019158404286239666,0.2728477418422699
66488952,66488952,1.523022781542028,0.01 d,0.009114980697631836,2.0,0.033414317743670464,0.2727866768836975
219460164,219460164,9.21166330463399,0.015 d,0.03214949369430542,2.0,0.19065647907327588,0.16862523555755615
219460164,219460164,4.196263253540412,0.015 d,-0.0011053085327148438,1.9999926775753352,-0.006554296277766581,0.16863878071308136
219460164,219460164,1.5247369303792861,0.015 d,0.0005626678466796875,2.0,0.0033366145733003676,0.1686343550682068
219460164,219460164,5.749740783402583,0.015 d,-0.00399017333984375,1.9938978963556366,-0.02366154908143784,0.16863533854484558
387194629,387194629,2.156050918568083,0.015 d,0.0036301612854003906,1.999998138168286,0.11355160595519481,0.03196926414966583
387194629,387194629,4.153995750069098,0.015 d,0.0012895464897155762,1.9999984478062423,0.040325117180018986,0.03197874128818512
387194629,387194629,1.4061171164427329,0.015 d,5.2034854888916016e-05,1.9999968968704522,0.0016264290055821168,0.0319933146238327
387194629,387194629,8.639575971890254,0.015 d,0.004738032817840576,1.9999975076364114,0.14816457822600826,0.03197817504405975
422609145,422609145,1.4924955450518296,0.014 d,0.01967322826385498,2.0,0.10517975947198845,0.18704386055469513
422609145,422609145,1.1718750007674614,0.014 d,-0.004072308540344238,2.0,-0.021763330864378233,0.18711788952350616
422609145,422609145,6.1998201511423625,0.014 d,0.003844618797302246,2.0,0.020553543946456015,0.18705381453037262
422609145,422609145,2.343200639952096,0.014 d,0.0038547515869140625,2.0,0.02060551152508489,0.18707381188869476
283063053,283063053,7.25724627708414,0.019 d,0.02717459201812744,1.9999874095303285,0.010925497060103486,2.4872636795043945
283063053,283063053,1.35487847121181,0.019 d,0.00948631763458252,2.0,0.0038115704635931485,2.488821268081665
283063053,283063053,2.2936523977425733,0.019 d,-0.0005300045013427734,1.9999924779817462,-0.00021305899232585088,2.4875950813293457
283063053,283063053,3.917987256151564,0.019 d,0.0074841976165771484,2.0,0.003007924704432183,2.4881598949432373
166548685,166548685,9.389509204955607,0.032 d,0.055363357067108154,2.0,0.26260991580784504,0.21081975102424622
166548685,166548685,7.159943971343564,0.032 d,0.014487028121948242,1.9998386896407399,0.06865715215272863,0.21100537478923798
166548685,166548685,4.701140428178148,0.032 d,0.020528554916381836,2.0,0.09731691304214532,0.21094539761543274
166548685,166548685,2.348478111861565,0.032 d,0.0205344557762146,1.9999781169886286,0.09737129222770843,0.21088819205760956
