RA,DEC,Target ID
359.7405563763073,-44.95378971399831,144456191
359.389245402092,-14.902684073316706,441055500
359.1152314776465,2.9513302575171614,422790055
358.8351511779195,44.94048759699697,177500431
358.7357176492971,40.45584923580282,291688847
358.7129673583861,-60.38789870190752,234299361
358.5785169394626,-36.568316024088425,183984307
358.5028173514711,-33.27708790934541,77041172
358.2656962431092,-24.534305001517613,34035509
358.0967801933065,-28.05468919640086,34015812
358.000434215344,-3.614913944583586,248601764
357.841554263961,-24.13917916696919,33986466
357.4790010893318,29.56555497241167,129633313
357.0235811311113,41.03792721760376,396194119
356.9424652870679,-47.89491564709383,144382040
356.5522356351652,-47.241857419009335,144376819
356.5248071824335,49.58787921400876,431422583
356.1954121175951,15.9674029358732,2053342742
356.0839774951414,-16.17962763915517,2733719
355.9602000462695,32.546047334095135,288144896
355.8863940006173,-66.29754819429002,325219117
355.8801749909725,-88.3861248915756,327831847
355.2956160595794,29.415658458919623,186893986
355.2816989776718,57.848267005768086,345142414
355.2512241752994,-54.119683848730254,2055273342
355.1442908973951,-75.75301222453464,277938251
354.7424708079502,6.5917557170495185,336678031
354.7203651013823,-18.437478691677217,66419115
354.7115585243981,-7.688979888107045,8988748
354.4121301049302,-41.17631073869842,224270521
354.3765090765719,-13.642752847369616,434105262
353.9737278841778,-4.704480881975384,398573783
353.9029925799428,-16.296092844132104,402339032
353.5090859282621,-47.24084634039592,402027326
353.0168871633017,26.97960650696952,28579069
352.9005145545264,-62.92002559186122,2055059079
352.9001436534956,41.02475243390265,333224807
352.6732927153475,11.03494417913832,405170915
352.6707563906006,51.36412287435416,25769850
352.1967080191132,5.247213099043008,422526868
351.6853434595892,6.294493054964789,354308207
351.5272541210922,16.00484268863722,435231234
351.334363178932,14.06151048277506,435229564
351.327816651943,-17.866078599012116,9143444
351.2414708745091,12.126900993606109,435210243
351.1464904818655,20.942670031114453,243135276
351.1287064454798,-54.69315534355581,381923120
350.9949086483627,1.6740534100016566,422444008
350.9696851602554,-1.9182481886439675,301256988
350.9078728638319,34.2573320568277,21331268
350.3203627534982,69.43952837311772,362965390
349.8985763665459,-17.09119497572018,188619138
349.6884089835517,12.600695332600958,435187907
349.6437658432987,-29.96951684076387,218978885
349.5175773219436,-4.912916264354245,301135547
349.4900221870704,55.84065776026644,318631844
348.8960249362239,-35.41437152995702,218970233
348.8774599977209,-14.66850840479884,5796523
348.8594018734367,68.52333899441906,422609145
348.6797717176154,-7.571716168198744,4600989
348.6034045359344,-6.547389129466198,4601217
348.194176887737,17.86638701019661,97173520
348.0906957185231,10.784429459994456,405173130
347.8671287534092,29.4927265834368,90884697
347.8247885738759,5.324733045402135,262568916
347.6983469950667,42.83566986349206,455816370
347.5960284009902,-68.83856316661112,260795156
347.516204638075,63.96433127126489,268518702
347.4970602666328,55.11394371458394,315301267
347.1713269930119,-21.75032269120812,204328293
347.1458120717158,12.76126470789576,217978811
347.1322862536515,45.70302907907344,173387780
347.1275117787353,13.323293485833638,217978865
347.0543868458314,6.976718602303221,402891559
346.6880541808846,-77.35255992315729,392815631
346.5740372480823,24.5352080145307,436823466
346.3821770338616,51.42234712996996,252627215
346.2134754576097,-65.67595422485562,237328343
346.1776410888893,45.991224401856115,173175807
345.7690810517482,37.693328639397194,373928876
345.5129068115924,-26.51332079216489,12933046
344.9450530899943,16.487909581692342,217541509
344.5365110024113,68.96429001672394,2050727554
344.1931690015831,12.880681758965014,217329125
344.0539460175263,-13.32758003026604,111754737
343.9479545860602,-6.014072500581275,36726784
343.7950204652815,-63.1756998689012,237313246
343.7619560947369,37.07946492419061,2041278331
343.7480302051053,-62.03590215683982,237313550
343.4835640640775,-6.784830206077555,36694741
342.8523234476119,29.662959272690284,44195838
342.7596844043407,-50.19253482056709,161291020
342.6012126377492,32.52864872838452,431472762
342.4682717308524,58.57551029262804,444160759
342.2756445427164,22.60915122984419,435825249
341.6448595546183,40.405214347940216,129101920
341.4140242712264,20.275965213664787,434196824
341.1806510527639,-32.32886011808623,91513352
340.8543939184471,-26.383407781960823,47338338
340.7741741384599,58.726929074560715,428244499
340.6868007979146,-4.237474013930356,250326099
340.5505191564338,-51.75206875780932,161208596
340.3496680901574,26.46207439577302,118037792
340.1821561290803,-52.989918309094264,161175160
340.0215047387232,-45.525992326375174,117517295
339.5947253127475,31.571814391037417,115741447
339.3972452727848,8.479971013700819,399518437
339.2579069683016,57.95726730044633,416036999
339.2499335995867,-54.378429796608714,389010277
339.208028707267,-35.234396338552855,253936074
339.0929790474228,-23.27435490433634,399570361
339.0883654718653,-19.87371077514292,399571137
339.077559476381,-48.46920542844251,161154061
339.0329378597287,-1.6831723541186976,125250375
339.0129330081379,0.1230489607278901,293158354
338.8814414392584,-57.2740531126226,403221905
338.7841994277229,-42.73603378477786,89042812
338.5112316265299,-26.539149596346217,209363138
338.4756265280738,-38.54477379073023,152926212
338.298689725797,26.170859976469583,150692998
337.9392921686399,14.187016844564829,51813081
337.6195622497196,-0.3919054189376386,176104105
337.4107903159828,-20.837166885514563,69813909
337.3310435565784,-44.69476286330445,382421834
337.284933720522,6.379392938006384,419841161
337.2427210078748,-31.09861079872944,63281499
337.0475163385658,22.23736719840684,411339897
336.9128991541503,-56.144362730084104,219331395
336.8926669545088,-60.195295312884575,469904910
336.8384195447666,-34.18735140247666,2028045216
336.6860539910357,39.020493595854816,315138575
336.509416872704,-49.15495547398605,144002497
335.8896368089696,68.62450302236466,375785769
335.8079568626119,13.649106458469342,404580748
335.7569280293746,22.025195464600085,385468477
335.6842215553097,-6.298890112647442,39927600
335.3563848647721,-41.42487552746313,278772261
335.3501196733497,-26.848179439937333,441197076
334.9534392022752,-65.49105939111466,394521800
334.7382739662016,16.115811186008138,404514669
334.7140696139945,48.65785971639223,431067687
334.6512947204554,-20.210854413359783,206600616
333.8111412255223,-27.706969886488977,2028244270
333.6505901090524,-38.98698989017069,278615066
333.5497345456603,-49.32452309113163,143951121
333.2230649013652,23.633389415134967,258861145
332.9765582239247,56.8302313692339,2019536314
332.84178016615,5.551935409905695,398552565
332.6216405941084,-30.09583259697477,97403206
332.4474306675097,14.497536196121647,456793980
332.1234679619454,-13.686787911608231,75324965
332.0722147281862,39.11968281298742,372363437
331.9660859133797,34.4792456268479,162334232
331.9379528448089,25.339337558187076,26691554
331.9089759057268,-61.53359504345631,2026602766
331.7528905852198,-48.29721494963828,143854657
331.5608236876026,47.14733794074101,427942736
331.5100602799338,-0.7758350551703574,404722884
331.2721627067072,39.390902017490006,2005560304
331.0777160495511,-75.22357716864207,290404650
330.8980824822601,-13.447226508463409,102183555
330.6616370745252,-28.161794684132612,393891914
330.6191825825257,-41.242318816365994,197735254
330.5867856003058,-16.57699365561889,102177920
330.5590592782647,38.812111363928246,305557277
330.5231506410709,29.318460783414892,368286049
330.3370711033192,15.091684719871678,2000366026
330.3084400459727,-22.120907914868468,206409213
330.1873150652668,-57.19006304503559,265530194
329.9462072183413,29.611289765143333,283280702
329.599552509587,-58.89815587282475,394015496
329.506910619052,-43.46736960881685,355209885
329.4094935120448,-51.01052234722859,140045537
329.3746981594702,-5.865638826252527,241160001
329.1474967045159,-41.70506192986315,197684103
329.0889557401103,-54.639773173524205,393978659
328.7226404671289,-30.488578788439327,152251299
328.6719679731561,-4.305099915581859,241104752
328.3668669006064,43.5340234335586,455522746
328.1242570883587,34.128900514241465,329800842
328.1058138452951,2.387435456368032,405122007
328.0197062815425,-69.837326822022,2026216399
328.0124773518999,37.439106168870126,84198841
327.9307760863833,-5.046713420697394,240905045
327.9163604193207,59.2929297833234,283414280
327.8550096578083,-23.273031994483343,2028631542
327.811103303404,16.75636902651595,385057147
327.6689202517407,30.593683589367853,287926830
327.478614323945,28.28288280711574,16783095
327.4120796236788,-43.10403359280372,147423571
327.0789694950098,0.6588771974376252,270259091
326.9065206205073,-7.737287011009206,2024418048
326.3494260965182,35.536459589762295,287443040
325.8662709892441,41.72174277028902,2007480435
325.8503130310157,-6.997071914855176,333314441
325.6697900500423,20.996591687683978,354568302
325.5524874035513,32.347773846568124,239631587
325.5167704502831,22.874239779117595,297877352
325.4888930706996,-33.0087818186527,204440456
325.3688648436804,11.77286552096274,262305320
325.3568123647769,-48.832090165381274,139831293
325.2627530899456,9.395456385120502,305506867
325.0982250112434,-36.63268508994028,320965107
324.7053576524865,-40.6908137370565,320940332
324.6937492464199,23.156506195355348,367457851
324.4575784655104,32.054210007333076,266594895
324.1630502094816,-36.400664197677,382315106
324.1500496024275,22.07593629084439,330101285
324.0469502673451,-26.16660707636061,2028639478
324.0458122981205,-47.529746354699995,147266280
323.9649471265518,-39.84618313057632,2027687774
323.7114634468216,9.922072502880404,305190194
323.4698178037233,24.46339312846283,88591358
323.4408604164549,83.06153062218293,264452548
323.399086049467,-44.746815963975855,389662085
323.3963010302327,-4.539969366087604,269020902
323.0694730804229,0.2541207161133505,352817378
322.9376161002859,35.20117399223651,160512940
322.3964287132934,0.2254675439072479,352752386
321.9296799087499,-22.197010475151153,99730808
321.7411073722628,73.64434474169988,2023644871
321.6530584797353,-22.815689685595636,99673488
321.6100820614917,-22.732237396753103,99673513
321.608184299951,55.22650624554303,316271332
321.5080894521724,-42.4146534184996,147112823
321.4725884086022,-55.51604181255091,231692694
321.2421189040031,28.4338311864007,14976740
321.0825179009512,85.94608244213623,125580300
320.9796721754034,34.33816626123566,163802843
320.8225324837298,56.97194871266141,2018724911
320.6328873639606,66.01183057934405,321547580
320.3405431910768,-25.955026415210824,302299317
320.1756900399741,58.32253710483486,315136775
319.9056307295825,-55.838199466252554,231668155
319.7337822945517,54.21231528668666,314771701
319.5644345529127,-53.22334957068538,79353860
319.3896479760482,1.2636594041037177,376362649
319.3546156661382,-37.40829754838309,159746320
319.3236754619162,50.735082916913214,1976379547
319.2195125858584,73.84454641089567,323009972
318.8858953892553,-61.980350798976055,410414842
318.4984771878791,86.86868416212138,1981843319
318.4418815620964,26.357563803579342,387327138
318.4127606897356,71.81703631903169,388079618
318.3284799331575,-81.8219328385306,403995834
318.1841336258873,50.1048957083907,259773610
318.169718137829,-29.37232061100876,289934729
317.9435346520062,1.3482006793251335,292831588
317.7481077153043,17.775630811888217,126022532
317.4687441601828,65.12286615793421,376020501
317.4643515917422,42.951346230828875,136513972
316.6340691070173,-39.599951541495095,115108925
316.2195293912067,23.555348462324435,283903463
316.1163489096331,-3.229612277105702,248908169
315.8105366446371,-38.161616359501075,115042302
315.65926206438,6.12067694332786,459731790
315.5932649433525,-48.463469186085426,79056222
315.5852329007959,-41.750482289063115,115013365
315.4355573830247,31.809526967725308,428831740
315.3973607064494,15.185038446296812,456724995
315.3192912979634,18.348499410738533,258470866
315.3058118306114,8.586033481480705,459719950
315.2921195043512,-5.4643191907869655,248861930
315.2697235104514,-49.10774847786424,79020922
315.1902153334358,-45.309230097701914,126660367
315.1447206283973,21.38263987968941,289467229
315.1300682400015,50.85447906513254,289340949
315.0903236317045,34.43965107096486,428404202
314.6876386029449,7.56095327077487,354495184
314.0286838274289,-24.35984193969528,29477026
313.8706812943997,16.4585340177221,345265261
313.6945076231473,24.458120440700167,419411618
313.4288982392985,-4.995136956801665,248735093
313.3095463730028,-0.2693563794175874,248730637
313.2645750842111,29.767418234372887,283063053
312.7506354347146,-24.868564775654654,29257211
312.6574754662754,42.77183244520785,356613625
312.3782836324338,-30.084543225071695,152250936
312.3255325570927,-8.942708721348811,51820346
312.2972637957969,-54.77276404941344,1989330796
312.2612143728147,45.01007686133404,353096380
312.1946304926192,-69.59728661188906,372172502
312.0338995117338,39.86017490137274,194061710
311.9376776805105,32.65613051900025,232951587
311.7969722036376,-63.33764014131951,340999692
311.6488057538162,45.985906148039184,366740395
311.6170458814851,36.15815702259652,1959621869
311.3667655220035,38.74073094462062,66488952
311.2477532510474,24.96631194820911,282072868
311.1929808440208,15.553181110296348,341162644
311.0915799648467,-68.09028006272777,372109346
311.0043501603204,40.50411338276486,66140007
310.9550010238253,-39.05656384608838,1990832724
310.0857955206333,17.503148573255768,340803443
310.0469565815305,-3.279116404518264,248136622
309.673797930939,-36.82071392236937,291061781
309.6592449579889,-33.44319633981057,441357923
309.6504668164318,-60.476312147529256,351558953
309.5708291792045,-53.07448382041783,100603346
309.3695154998485,14.897931193938826,456645161
309.3219185564172,12.6916221339915,456663229
309.1912909255437,-25.24530597324984,212289921
308.8075413044517,18.988721741742165,314174614
308.7274097117334,-27.580363149893444,212254842
308.5892070602339,25.061315564319592,1947580574
308.0422338437355,21.90316945854934,417131337
307.4849244500842,39.22601604549132,16200170
307.1589248856675,-6.145024576862422,158571010
306.855120157875,48.97230802940053,277235925
306.773575568067,55.569387876329415,467224218
306.4470861488933,35.903232411147265,199179022
306.3460824636557,79.00131763391782,264027491
306.3337308343122,2.742885797625496,404643334
306.1784799627734,-12.69762835967926,428969253
305.9979253182545,-42.40706887110214,425819601
305.9037629901767,-11.26436889996076,157145180
305.5656367044867,22.71891583416875,402959206
305.2177405788474,-78.10628406441327,318020620
305.1146880091755,-49.12203742569413,166548685
305.1057046665205,-30.454499720553063,34515703
304.920599203964,19.79142142425822,314167396
304.7526305590443,40.28073556458456,1968420005
304.7285032002685,-57.35918606684295,387194629
304.6162685610521,35.52145008664742,203054851
304.4621267073128,-1.4476189397878356,244088526
304.3323842976458,-7.805425346503686,205447297
304.0738251338694,-54.561296506095175,360821180
303.7570034374074,-56.835741207316815,1989259270
303.480854630129,6.709863753429052,1986336350
303.43095464742,34.232478302662095,380298520
303.1354778669229,-59.953872302331305,1988697065
303.0929561505318,31.23065564917127,92633917
303.0048720829385,32.79562798235016,1964583807
302.77262733355,1.54546047800901,1984961687
302.7351163460641,-30.219616097171414,48938394
302.6782563416905,62.424919912266006,236865474
302.4435008098355,-77.35486859722972,469826577
302.4175360834405,-52.421414606462136,1990094034
302.283801398075,55.126633657659994,233418152
302.274290619232,-60.42878907173896,466199456
302.0991718003379,-66.07712795048458,409891330
301.9024326113837,17.70398444239941,86408822
301.883666608606,-30.20706504224172,48787590
301.6074293301269,-53.9514867571204,422043386
301.5704648225398,59.04044033096808,233390225
301.5419554045091,-43.93199448292965,129031954
301.0766787888215,-56.046816293974835,421990667
300.9562446002584,-14.292216184152108,13586300
300.869462844015,-28.78493238394706,301149358
300.4471575046522,-50.00133957920463,101359698
300.3110135812246,20.465964711585595,256755145
299.8262968100075,5.806187632923426,183422729
299.66120500953,-71.39623971255998,374341747
299.1838009940783,4.9842302880326335,228996879
299.1198304881046,-1.045547362957428,251903442
299.0952067150473,64.23274421222769,256459794
298.4496819777481,-43.12089112469553,80171044
298.2762677207404,-7.698393540230778,238047258
298.23946512379,24.22475833932004,11716579
298.1956377553367,-7.462402032254758,238053018
298.1161788722952,25.158763179656464,11626063
298.0820294944258,-38.77082741254405,300284179
297.5107716754129,44.98899715429725,273241757
297.3583062004172,-44.08689828591434,79956635
297.3485024123124,7.791587218076653,69872638
297.3326597262193,-27.207882290329156,97671864
296.3821940204825,16.45945521937809,344063283
296.2970273838711,-44.99849922885331,79755479
296.2283129332621,-36.05364091083665,299749573
295.9342015624257,52.29243538822624,27688847
295.9321889663548,50.07740338316451,27685055
295.9172520048747,60.483636541621095,229485883
295.5540861031397,37.53332594965885,184065812
294.9796149672049,9.538651035817878,1908147782
294.6909444240154,26.79782647392749,1859153737
294.6171585042472,32.88821417216278,69690429
294.4412250198753,59.00841950651838,424699808
294.3427682591707,-29.284770523109152,444074627
294.3094997066659,27.721965844082483,1859784934
294.2845635406023,-51.56873586840804,404156391
294.0773693746511,26.5488141008145,213491238
293.9245854254733,-13.502501976040708,439180496
293.7427827555906,-50.703340118206626,424944753
293.4581913857735,18.867441656753357,1846689686
293.2360384397153,-71.7675201204767,376718305
292.9869075185181,1.295520249667992,224187656
292.9217171754566,16.807375558108017,1920376931
292.8520444506227,57.072141278431715,287259816
292.4111297688326,11.298326063471617,134846687
292.2509640286325,-7.252043701427742,99967781
291.9323946321399,80.23408672646954,1884597797
291.9295806204555,-3.9311593061395103,415546033
291.8589857033246,10.11861662173965,1911836781
291.8293266322839,-70.8009934711714,382468751
291.7722437377472,11.414633923413788,1914435765
291.6119077731095,46.33776149862735,62918265
291.2568308220569,-75.51300496131587,364154544
291.1798041555213,-48.129012052207926,424837968
290.9970123214632,21.683979183574817,1852262320
290.6812003391362,-6.684797123248167,391226933
290.4182563607856,14.677830427187898,338305380
290.4149248172647,0.1090424826913093,112533779
290.362100734884,6.222660165279087,324788652
290.1452376415212,-7.667404304342344,3567346
290.1435479333792,-47.25836395692217,61965938
290.0123660191207,-36.18465144727695,98120806
289.8654948511653,39.9778356353586,122139438
289.7444382467316,38.72151454983126,394178499
289.7093567263582,33.600778645203455,30714849
289.6866343773816,-59.77628976728872,219942866
289.599577612519,59.998201984332674,229966905
289.5474491751436,72.62363981654161,267544200
289.336160222596,44.87765628152391,159048032
289.2100693606518,9.579522296630604,211633150
289.1696277546205,-5.6548957746383355,160751823
289.0203372205723,-9.122139165601247,205037919
288.9938875287467,-30.59315787279664,31631062
288.6224472882497,-54.672304731948586,201658043
288.4112177077547,13.606796833128874,397832671
288.3087671652624,34.734394073865495,29898428
288.2034452533698,53.72100623711164,298900716
288.1310227343704,-3.5256554181249657,49472361
287.1176117117791,-5.720811377541075,310441230
286.8615128668571,28.128716461814275,451788628
286.8228234999313,36.66686375338309,120968638
286.8013600104124,32.28101897179183,42550954
286.3562086542908,-49.9406736947968,7088082
285.8330620821268,60.59833956276478,230384389
285.3868548063591,14.96898250742938,1802959882
285.072309291254,39.37541857127032,1716011803
285.0438740245104,70.66652753906988,229797408
284.9557239392639,11.97862193405362,222612556
284.3759655471045,33.95872722574947,20609183
284.3691098892997,40.593204564495686,1716398518
282.449430181921,-9.963257232467894,1754231033
282.4011092201292,58.84261559023173,232681995
282.3919534041454,40.33762007053538,390131308
282.0681452636968,-14.25628742088634,427832606
281.9233284741538,12.442162852314228,330191759
281.9125999232254,1.959481060215184,1785994499
281.7521201081823,18.185921627901863,348147261
281.4294963919218,74.08789889865731,1718258821
281.2882027182484,68.37628263494418,229762574
281.203674135397,-53.58322920902534,304704850
280.8985146351666,27.67372341250204,1815289790
280.8566038830056,4.339980896810182,110639468
280.7395620487525,-11.149222462526277,1746508961
280.6169104855287,-61.86628043095442,1816553323
280.6078705300879,-78.08615295191743,351918143
280.4911131943383,53.63811056484795,47875421
280.255123660613,61.342520527544856,233528682
280.2473062433637,39.83377322392729,157849707
280.2243295586312,-48.34454627223946,158063848
279.5314211989756,60.36167808115264,424461085
279.462473790083,-72.88737666571876,344165518
279.2832117383859,-76.9856501221532,344130696
279.104152083215,-37.2205743260349,314937398
278.6220758285622,18.183759138823422,7988895
278.4877906350669,-46.888624905225896,63685911
278.4645953291086,-69.70102516743627,304696712
278.4582157513947,-30.88523757811232,272528943
278.1734025633122,-7.558324558171735,1661530191
277.995121332903,46.974880203395934,122885127
277.6651024457013,-10.617695499492717,1660230465
277.5824046874412,54.79216972194683,390019679
277.2911485745855,-4.494509754562842,1668032161
277.2079920932278,34.61392935937137,24198408
277.0504035576806,-64.0841010879009,344984889
276.8034207209813,4.061735000478917,1673098953
276.3752142235699,-65.90120571851801,365958965
276.2629823467961,-29.529003265674376,51707017
276.1702843497862,-3.3332868867914804,131606143
276.1352910422228,29.520725105330804,85339363
276.0344631011385,35.27176222556673,23936802
276.0180151415966,-13.147921434304353,332582461
275.9042176622039,41.067866920573486,288753941
275.8133984850126,17.110454988339605,157101761
275.6667347641755,-35.44477641331873,65093294
275.4126587980649,14.69925015592828,156747281
275.3339863182784,61.01561311057306,233688182
275.1240580208701,58.07804683902253,357686299
275.0310365419202,-33.666881947346994,1570089672
274.9906513018366,3.5614715470512164,1671955069
274.8056829652703,-12.148964985487904,1659166683
274.7261138405073,-47.96342518283158,349993999
274.2750771257661,13.468650786638404,286879249
273.4524062951602,21.32256672574607,329516113
272.9202903326715,28.4934506097793,313894558
272.7695053525077,19.61608653992761,235612536
272.7443608339096,31.327961071239763,313812497
272.4384676264661,-3.7367097638891953,250664184
272.3314145421405,29.956121007142382,332689126
271.8474122720613,3.9499365755873392,17787432
271.5013254454091,-0.4558462642932047,41740004
271.0974765330514,21.35044316373465,135411351
270.9756123288786,-37.868194018086555,327850372
270.6264345437778,80.66401906290817,288470165
270.6187228893007,0.988656481128708,382939950
270.5772867946132,13.901812170158912,1681377405
270.4620514629634,10.56706356139684,414670123
270.3005295747222,27.08866352875076,158965515
270.2499511134553,-69.18270540090862,295177299
270.0395540193267,68.59744571658939,219099282
269.8806575446351,-62.0196180604031,380829785
269.784706883785,-12.496222337186028,1493804858
269.6914756739206,-55.02187322637036,76392634
269.6792309037524,-60.38143020747121,380779964
269.5249879652785,-60.70195706876195,380779251
269.4121392457794,19.404466692580776,275428106
269.3009070615272,28.665601064502063,158704348
269.1234983573123,-7.380272738280764,8848840
268.8538111717635,27.807834428634372,285138077
268.4951796442629,-31.124734802804117,1424358009
268.4671344074668,33.106421700712566,10494697
268.2705788214807,-67.58476845397048,294840275
268.2323225102888,9.797077914484388,277255078
267.9406484721901,38.33779797622079,116263538
267.8233045533377,-42.838961048846414,21781185
267.4081765462069,82.78863973768209,1401136097
267.260259172148,-34.548803053817934,1413289717
267.2556832896259,-48.56379767004866,363900224
267.1266000740668,-72.28945279508855,256156660
267.112959074912,45.05754695793945,193679430
267.0161229051483,70.88157381434476,233212451
266.9458826191219,-52.12016758327481,471013569
266.9004492986834,-54.61001942073009,75306625
266.545673982487,-62.863215018250386,1510348806
266.1465973271691,-72.9931627244455,1509052263
266.0306542785092,68.2381299805401,233206916
265.9906499603993,12.892400088722528,43910120
265.9546566567115,-39.14032929528653,149863849
265.934442816601,-74.41049075195855,343296348
265.8445760299887,14.582481256276733,43905752
265.7900522467945,-70.73361502866581,1509273062
265.7295868536296,51.60197681723532,335963647
265.6962669848697,-65.08677867579543,1510180735
265.3626981498638,-65.06209538287237,306519365
264.7413162219239,13.32681205158634,1505419059
264.6483969402619,41.87613150657979,157444846
264.5107964065527,66.8964833440169,233197921
264.2522973062449,-54.43440976973922,1513718072
264.0353254844569,61.04133832681089,219780528
263.9736114788525,80.35614273225488,288344719
263.7657124710746,15.577827182492682,289676144
263.4629138963777,47.75715181602132,1400481144
263.3779592289212,-35.0491579038226,1547179528
263.2352094593483,-87.16802598134693,451533898
262.5965518971267,-57.92340154887308,360460993
262.5852661024125,13.773231733899143,400148703
262.4433264925761,50.16773734861203,188816996
262.0058649768214,69.64397909971831,219884489
261.9075401863171,-36.00448597013764,1547145135
261.6807999573704,58.62564636163431,198456017
260.6246811151634,26.757713463095016,286378270
260.5288527258419,36.04160074128587,101769451
259.7548662987718,-54.77200521826024,367227831
259.4282985183852,-30.77537867982426,1358161131
259.3044755401149,-30.65035701638281,1358931692
259.2169223340522,-59.11012541855612,380174982
258.8958101549487,33.21711706236134,9532180
258.5267057932011,62.64674855147992,232608294
258.4829128854093,-57.63914548665024,173989338
258.2746730693291,69.52222686589576,219863212
257.9819665816485,23.01634398991852,356103067
257.3570052270282,-44.11056006421276,1337689597
257.289506935226,47.52630542508433,219083245
257.2543927971766,-51.02121191046879,213230879
257.216867381474,33.21557574701937,21860382
256.7830147054645,22.40767769481725,1309228385
256.6048961263371,-76.38487228534831,311027358
256.3791474018555,48.05253987833092,274677205
256.3769859404461,48.053122598778906,274677206
255.7347230090335,-53.24414399983234,212118919
255.4375112979235,-52.7705544378664,1324586336
255.2835070964679,30.259568105053997,21633235
255.1628839859223,-87.3984296359441,451507703
254.9515712790501,44.01822731273335,115613388
254.2912014468113,21.444299762560085,347629140
253.6703944760107,57.70459929288359,199710552
253.6198552842559,63.65547940741603,287150240
253.1814765830533,-33.572036460297355,33449927
252.864695135288,-34.46936197641504,1361678528
252.7242587747551,77.81275449839131,229673607
252.7220562027701,-37.94983366878484,337246237
252.5835443073965,40.622945442132455,43273224
252.573756648627,-36.796897390090855,336577701
252.5341032106867,37.019378814838745,43274413
252.4689364337973,18.173405626732205,150554206
252.3342445411016,37.47261901034546,57333022
252.1571658134239,-35.63862579675115,1360103362
252.1079377780889,59.05497068953857,199666369
251.8542816584477,-54.71165849827242,1321954265
251.8257980679459,32.47590828462847,219074038
251.5825534741531,19.76723399825724,258200088
251.3695378928495,64.89427732183985,289538721
250.7595865807208,38.6888431468539,57192159
250.4026207281969,15.20755473903528,263723973
250.2372225691007,53.685075007864384,274239484
249.8658126663325,33.42077106173795,57103541
249.6684787064657,15.90427599677895,341307177
249.6094700304197,35.00334295451649,57058301
249.1484884775892,60.700060486903226,198239605
249.0512911535621,52.90240382291995,1201093544
248.7573356070423,43.29208824427913,115173690
248.6747288486215,17.60932387741048,148120303
248.5806922912217,57.17446098178006,199574211
248.5498625676396,75.98331288995703,1201364356
248.4138203857697,39.51456232902837,406811054
248.181703982112,-48.16028972826036,21938862
247.7354727842334,-41.8850953179678,29562411
247.7228586953647,85.12613132420026,160185214
247.1014373594074,36.77438726537573,255908093
246.7607203045337,-54.18615443743001,220978100
246.6646283958808,74.50559015224704,320323992
246.1914851362154,-53.73642164085011,4040541
245.8914359505284,-39.22948746474345,4400550
245.6437143686633,25.921037936322513,309906358
245.3502323886023,51.193790819328136,162618409
245.1432796807979,-59.27253282239122,208712116
245.1024405591383,52.389112603576514,1201085926
245.0893850386771,64.60016265092378,198182753
244.2862620288632,15.910889853715297,157153132
244.2178935586529,13.572272046061707,157154110
243.3915479656881,-44.619563452145506,164637295
243.3190895732074,55.35717970637982,207427565
243.2589359825662,16.531234377226234,119973772
243.2567635298216,23.808465801423235,459285614
242.8567551085962,13.369230871170126,119956431
242.7225866592018,11.731249426688038,1204673951
242.3953585153001,-68.27177906298934,361165313
242.0916863288587,42.0959059912203,219477980
241.8514358594172,29.556614551201104,236328654
241.4013813972112,68.23502383342365,237104515
241.3380466643878,43.07625876062987,219472741
240.6747953826618,57.97115619816701,313424882
240.4673178662047,38.08185502204723,24055062
240.3471732687889,36.80710083126934,24054308
240.0751376495709,-34.50892132549716,93287730
239.7402339963962,4.284440514729848,272967708
239.0783354978592,21.39839683676303,229554602
238.7584203730664,35.22445178912754,188576708
238.109187274687,18.172376926575858,422975717
237.8141822171988,14.782880764150422,284761884
237.6464421318546,40.433016603534085,29267489
237.4371492160515,1.431503916968319,272673382
237.4075542989711,-39.915687194475765,295851329
237.3947366933107,5.588079184483274,272675206
237.2941458132249,25.547266580268538,320332794
237.1803605533676,47.493328009033505,156073827
236.9780077905483,-43.467277994778506,254757058
236.9768484466157,24.344686959296244,283922021
236.8727004363526,-37.919946060994015,1170234091
236.7426315207982,-36.77860638385603,179059663
236.5222606043417,37.85769920586022,316415931
236.3424443748439,-27.66872762323385,23345982
236.0810744956489,18.111606593041085,345644126
235.5596042672596,-3.6921849605963097,46377509
235.437172753478,64.89776678282702,458484139
235.3938840588073,25.391396435708256,255858445
235.2536594147861,-36.37098424436896,175575716
235.138122284639,33.148292986189965,16992652
234.8669380588027,-34.083213813103974,8158475
234.8168698394228,-72.43066657010442,425858182
234.4339201899956,65.03095127688734,198316592
234.1454916075544,-5.877703998646382,46199750
234.066522248604,50.23001943338624,235567807
233.8462044579636,11.260561812088104,393116651
233.7995153520246,-26.933012275013873,186695693
233.7911541704025,3.1875618248169935,446177797
233.7734531650516,12.79509004208615,157110489
233.5247116279967,-2.452866514842616,20996793
232.6542460698511,-35.91812045840029,149367380
232.6421493744734,-75.09065359460362,425639147
232.6130531953146,87.81357573490257,160119816
232.4602685654527,8.929607983621617,393015278
232.4292122706512,48.60685514594209,235559031
232.4228899946687,6.066811962207682,393016105
232.3752489638747,-35.6602673631337,54660667
232.2061857082189,-1.4828347541927691,1103322087
232.1159549584877,-25.250916110757583,185053274
231.9098919773506,-45.03559024137604,150808542
231.9027714306163,25.58401519545084,383522624
231.7926938961307,-41.60972597511054,1167487178
231.1051480783665,-39.915355485445176,148823208
231.0139418998121,-0.506400415297158,1103347368
230.8168808056979,-34.20315652643039,54073893
230.794338077719,30.89558682638971,284293102
230.3829198956979,38.21266265541688,198307399
230.3780275910117,-0.5160343525120201,180289765
229.7812819740319,-48.907728365644424,1152812302
229.4776833313309,10.511966456597836,366494784
229.0882922984566,-35.761962294715346,76655291
228.9706585010161,66.71233966143805,230059745
228.6961593087113,44.026878972724475,233647819
228.6291918177188,-46.4321073254563,141344457
228.5886558694128,0.7978832459016985,461256602
228.5540618115775,-4.992616430570885,38840459
227.8642337980401,32.07191630733673,67834584
227.8603741133203,53.435660233470145,313405046
227.7926613192662,-77.18858837427511,403126598
227.7903075895759,40.80006342470798,20240056
227.7647978910509,76.8967947113588,257062199
227.6203318772611,-10.755301874591265,79177267
227.4734556321568,54.66237718050847,165624606
227.4162878439038,21.837576006246664,351345015
227.4111112184291,63.53996865359767,202440506
227.3036769040863,-47.21382117500443,160747321
226.9249731903639,-59.46539447877911,1130555970
226.6898227133939,-7.382869416210782,192770322
226.5805976357361,-9.506063745999878,192767630
226.4545443297179,-7.244792847970629,192745310
226.2006203353697,-73.55780425384182,402972169
226.0990105954318,3.0427397537926093,460380271
225.8524353389473,-24.691552720501488,440952699
225.4845057626377,30.38307578919634,1101376335
225.4211248194762,34.53314879914686,67741959
225.1671539827737,-37.06050707132373,121351488
224.9350530708387,-46.61112585201008,334129633
224.8439170035009,-78.33051795510933,406777914
224.5277617018511,29.622205824953102,229874190
224.122636602042,81.948719799502,1102690588
223.8479219206698,-31.285911638649615,323409805
223.8383163800204,56.929047627961396,158617990
223.4679645542854,-26.37520875645304,148698
223.4591208611477,0.4251486867546842,446454750
223.3873054249859,-30.67330107259699,48318005
223.0474674459679,16.634596478991792,72732338
222.7719889301574,-49.75423403373751,308730878
222.7020844122714,7.55741677078983,349673322
222.5406690573535,4.696021017189586,368841212
222.5274684561707,40.92593187883359,28240367
222.0593146666582,15.080465533748542,119666555
222.0586667875435,28.41990554282994,219840114
221.9290365189597,-38.5923338347588,160056476
221.9043285834936,-9.835919098660831,26167085
221.3682576906609,29.358900260119064,219826764
220.7055508534755,-78.39811545875448,1104678819
220.35008521472,63.9594840221647,159629632
220.2798100492414,-56.03213806452889,270898354
220.0202190486693,75.09282677512897,156507936
219.173308502861,28.74765401198307,157979698
218.8595871745912,-5.8411844459659195,175494517
218.2772514602399,-81.33899067922196,1003272481
217.9853915129194,37.10851373856006,67990605
217.6776249039448,37.1705317419916,27526838
217.3636372856901,-27.850838619185843,83784306
216.8981332234003,53.808401344189576,284628173
216.684123764411,50.10662383965672,1001255955
216.6469314331434,27.648777428644284,156692996
216.4907996320309,-3.6946689081042066,287959210
216.4810947320063,53.257044866579335,1001265917
216.1621620566705,9.286601914116655,421809465
215.9194730078058,31.5831919637517,320244032
215.5495879305162,-42.34036622452234,242568288
214.8434862088136,-44.67912745819043,242506338
214.6469169436045,9.488684402529318,421737701
214.5768569125845,-81.01426109816217,1003287850
214.2811803715458,-22.205694505833797,46037580
214.2176945778672,75.49999988345297,367603862
214.2122700328141,-70.99265465810973,448865254
214.1078859722934,31.26676009018741,173166521
213.3740195020319,21.628212046138913,459831133
213.2772555987827,7.92306894628144,449144508
213.1163959705049,16.593924503315876,417179226
212.9972497484374,-59.346097245987806,210958723
212.6622159873797,-47.74434454472733,242328781
212.6123504769453,32.14218196029137,138207862
212.4384138272362,42.26680457924832,393965191
212.3280958308329,22.25792014895893,459829370
211.582196520786,-1.326014457456623,38639743
211.4187731954042,74.64980535475107,1001570405
209.7809831556127,-23.55779742063628,125405997
209.353345300704,75.62321108991553,219465698
208.9864739456633,40.681807776346474,23769401
208.8848592099016,0.189807821111585,388980047
208.1788135660363,-59.0955878267955,1032751537
208.0432158159807,65.41649536181959,159585994
207.9741230423184,14.162582998377276,72546357
207.8448460418247,-27.56693607261863,72511763
207.8349998064055,54.96176721046176,141872267
207.1815399208998,74.2626368135367,219460164
207.005338575951,23.58012342188568,1000350759
206.8474799249123,10.35993412978256,379136587
206.7918951231552,-65.20080227013409,1016214423
206.6012066589057,50.683846442574065,219031924
206.5070040755758,57.009951197289666,141822426
205.3252001409939,34.36496052658336,1000764481
204.8124325636852,-37.10570430855072,165895694
204.806951729395,12.141416158881814,171731624
204.7050279142714,70.28534667921708,153991946
204.5242635092557,-68.0766762220746,1012369947
204.4670090727626,36.62565935533973,22847876
204.1404900768964,6.773910802457689,379057421
204.1160794081178,3.674479286708736,1002786292
204.0783466104575,69.82873524948396,153989648
204.0066956359861,48.47932294605191,1001172297
203.9028321809238,21.13714933749448,207387244
203.8369369892599,49.51856318955097,286924740
203.7494000621561,69.75834939225167,445857760
203.3228580260472,3.350140534375501,365153725
203.1499977602966,47.06964828738651,288453456
202.7950438174077,34.1446034406794,321424787
202.7451095388818,30.497779187306712,321423513
202.3184833750395,-3.981104520100883,115073581
201.9827309849427,-28.288604572529103,58534825
201.5361962939627,-51.69338982677257,1047347550
201.4597492583816,-60.25189013980953,1030866835
200.6284129474643,-6.200119312773557,1002132579
200.3113995188326,46.39027682562052,393896214
199.8631153717102,-78.39274225993373,954733198
199.8043508641732,45.08656271274382,316275758
199.7396645322313,-45.50461488845747,363622268
199.4461952110448,-11.351632975257276,178925140
199.180643592431,-15.602522554109663,335629347
199.1276996053529,-39.401587817240966,30545382
199.0902516709756,29.098249029859584,459822191
198.5844758102175,-52.90974188224653,245136163
198.4233815361074,-30.859689549330273,124423510
198.2428677777387,58.08610465062938,157271533
197.8217909410956,-30.433038528848076,124334450
197.7750294724775,16.517453142959706,461628781
197.4890899152911,35.163206786110706,166009757
197.1826688259765,85.04004183374516,154903874
196.9768972766946,1.5361766074707006,953202578
196.4250586544348,18.01786698971346,157201137
196.133332944217,59.459415225106305,155872634
195.8835212190791,54.20678475707529,155871645
195.870834427625,-35.857771032063354,103959618
195.5423972444373,-3.4852266111149826,953125982
195.3805694542144,-72.57997732977596,361722723
195.1470038409448,59.0713157547786,471015221
195.0358096931322,3.4742244403240017,411239443
194.9857621172704,2.9323674110566844,411238467
194.9594593050335,4.523542373607392,411238722
194.9427774039543,27.56814515481203,357317802
194.2594929277544,22.03038526015613,149505899
194.1138055859511,77.88373084382037,232524621
193.7293334453602,-29.198154320509214,424258218
193.7151536696703,-70.97125733695783,334561168
193.0966687369569,17.94861332459378,198484330
193.0717422191282,15.744995066448428,92127892
192.9520362520743,-61.310782163207186,977377873
192.4756539628127,-11.78333365486533,156639958
192.2037184798277,-34.702347618339815,401403129
191.9693824811926,-41.46957960158132,144723568
191.8604252986659,-12.81117509709708,289944925
191.8096773206839,14.709237415310612,92043865
191.5014313042931,-12.604696776412366,405631112
191.2692810187873,-49.22725700204947,163648025
191.1869172582321,-35.129912717575166,131216669
191.1188008773915,-1.3168320104114863,51779021
191.0691005441557,23.236195156310625,263638925
190.5053958943531,75.14581900273886,154567033
190.481757008442,-13.584461293813929,181865043
190.1900102682225,-39.54750433925415,144428633
190.0425121363772,-39.38331016769432,144394495
190.0388440532465,-3.170374061348545,51665474
189.7035852266049,-49.80039008826743,995268062
189.1875243823501,47.92256513056204,444045724
189.0575030121303,-16.698004800199204,386705400
189.0472486647378,33.51372650642726,373706557
188.7348738928502,47.62533338891695,75585375
188.3609841310147,46.22436722210952,373693382
188.2526401063214,-31.143472117870836,130927019
188.1085128345662,41.48874337865375,321442827
188.0547784809208,-4.157795638976466,953067449
188.0547400859596,-4.157141987581344,953067447
188.0541189123589,-30.04553534775882,130868394
187.9857257526297,-50.54721117486098,401283890
187.8928659707811,-1.5356778353510607,130637127
187.0319603526385,0.3725324570420444,377261756
187.0127669349792,-42.60431291308664,72321135
186.9467793391232,-8.244061136675237,368438980
186.6747223049837,-66.2059426146946,966836939
186.441974346997,-38.7683248412825,998143764
186.2006944335708,79.34528668153123,160272537
185.8101716377096,23.13079641115641,135101534
185.7714164317104,-29.5414096770102,204700845
184.1457837463589,26.492955919802743,141266709
183.7542903575347,-35.03925292543042,107222192
183.483898974295,32.94217831576029,359113258
183.4021258914948,31.80191014799052,359113075
183.352716134922,53.06572624108086,53578938
183.158070877523,-36.7108465451981,134765602
183.1408633660106,13.77352642813596,335812977
182.8763798463872,-35.364476336522536,107020009
182.8753861342406,57.40314952754088,224288915
181.7331858121886,-13.89825236565336,385331518
181.7115965967035,-38.09721597927288,461203226
181.6980565611095,-32.575991585633936,142387762
181.6978294682832,44.83174482472416,148684414
181.3613440448652,-23.552365030827776,398243520
181.1600706078881,60.535424661310074,157328515
180.9471385552129,-0.3864957961563506,35091113
180.5310273240379,-10.078167709052629,152773823
180.2304756737647,-36.50129766403316,950950276
180.0122629647871,43.59473819694021,141177665
179.9671596865845,0.1309029379353304,289512725
179.9440393815092,73.59048707427982,355977196
179.4248980902291,-60.11343897960828,928702127
179.1811044927255,18.372125323091502,202362742
178.6778902349571,79.24123912255713,156170444
178.6449105612366,-13.02128976751922,335476791
178.6440376941369,24.377155532396177,138893463
177.976000676639,5.476665737783082,366681966
177.8993411011622,-27.538993077530733,397418667
177.7183379080014,68.52092072445353,142905656
177.5825209639826,25.308618501204737,138849541
177.2347221301053,-44.12018911279824,61766993
177.0132633781888,18.513212453404527,87480677
177.0101791507114,-45.38546301274381,61706683
176.9901725244659,7.794177800942919,350475588
176.8335305774729,-24.91583874921472,270396876
176.8229391654791,-36.631645120006105,454104678
176.485320047226,31.824025919704592,82311843
176.4566466173009,-64.843052846102,916399961
176.1925363684375,36.69705669315489,10183022
175.997127009512,7.484789399660284,380638755
175.8905296260586,-30.2204884293904,901208219
175.6762314085951,-46.83994770699451,61413837
175.2609656993729,-36.56275507266282,454011861
175.0372522365108,1.2063801958442717,471015438
174.6780611877349,-58.74007409406277,265919677
174.5477238396783,26.744798558812676,165463043
174.2705107313152,29.7994689522561,903739632
174.0582654154675,29.024854399009648,446162831
173.9874129084617,-53.055574189735474,92755792
173.6859625583427,61.14042175192426,100013600
173.6232785119171,-32.83031725241797,57611256
173.5971362907532,31.76844362093164,85336166
173.3303485071142,-12.817092709283967,157787876
173.1142151662815,15.291688238381807,165427922
173.0144772217242,6.919633206388721,388818448
172.9228373996465,-54.03042251969139,451889662
172.8875130169724,-12.428612319031284,157773422
172.2949601570194,38.14764969659379,18020959
172.0601013777949,-2.839889527532839,173097622
171.7896159638174,-29.67097574398829,461164368
171.7196686211406,59.3211759213149,284566548
171.5794501643264,18.654447311588445,903527238
171.3275976734814,54.32624636049092,341687513
171.2804289079544,-61.69838159285252,315714493
171.1477801945359,-32.77346202030074,57259375
171.1302662072364,50.55898302154655,458423175
171.0596317861681,-50.18816101486767,91534657
171.0490930610375,21.359804540978555,903540947
171.0059937088513,-50.99421066679148,91533164
170.9796067734765,-40.103915121665445,152316067
170.9600799872197,-44.19581104977229,162799410
170.7288701076115,43.71595737467215,406782194
170.6585320647073,38.30757541055772,17970505
170.2738907212025,37.93733844191451,17932208
170.0951489681997,72.87949489564996,900689200
170.0683826560724,-45.57332322632936,162526221
169.8060208179919,-70.81495676678047,294728980
169.8012156234216,2.342650435662941,363476259
169.6111571930751,-47.365669836684354,162434199
169.5603802585931,-3.233870248596468,38086704
169.4793993712855,16.35813443136426,240176634
169.4408032562655,3.081650234378555,363445270
169.3196574665641,-44.193015167293055,162362188
168.9737094599682,41.04973862429206,450332273
168.1618478808797,24.15035824518056,138801111
167.8356182747223,47.30694537733118,156372667
167.5538200153876,-49.07819865256402,81549834
167.4997937586345,26.312487936190124,138772988
166.9995455705611,-5.159199009183807,53211451
166.9497850554006,-34.348805980720506,942388294
166.9265132519387,59.97416301755314,99868786
166.4820548059037,74.61087813657029,142584631
166.3128540924587,0.2740490048710345,301500066
166.1959343086314,-18.62053993151158,5595193
166.1356595680865,36.18031526487278,353971452
165.8250713513617,-40.262433480961214,941632581
165.4273137672631,17.359415982555014,427580983
165.301007087686,-13.245093922683752,332827592
165.1420650835637,71.63404765228273,147921014
164.855316392993,34.24688335952408,173008360
164.855295383415,-72.73594191205638,356376246
164.5828412723617,-38.74014588727517,158586133
164.392729908217,-7.522698907313,148559575
164.1605833710925,-22.880920427896353,415714190
163.9171727338236,-29.331632871876153,363349454
163.8036880777044,-55.31698827970108,936066681
163.6946122638513,-35.81901489211196,48943694
163.679761146083,27.115694239080003,138738430
163.0848181255271,-16.134333179877395,422271493
162.3702090796503,27.906110758346376,165431702
162.1359783242434,-2.020295523574426,318184221
162.0250930591604,-75.29598419937632,449671297
161.6929283052522,-41.77805425928982,106989158
161.403895434986,-19.115192243295464,408436722
161.1904509313851,57.743584057195015,274271189
160.944016055008,-39.11021025781343,106760503
160.8423450485362,74.5127936742701,142488005
160.4877849501508,63.1168733644762,149916959
160.070665289176,-65.89051248258646,389926045
159.8054525050868,-53.96430015499536,458334932
159.7738609556644,55.51568132517869,840978439
159.7301733720422,-20.680003391633377,179299789
159.4315177928099,48.95570872518583,311578051
159.2654472889596,-0.1385175475915731,124598476
158.6127950911257,-67.37787293608315,397601840
158.5795790250702,-25.60414414577722,193273291
158.4547380750172,23.15446267958326,171630076
158.4266179368659,-11.69410791228608,56651942
158.0967101504702,-41.35278786549389,106145150
158.0411724557851,53.49305364202207,148654362
157.3258569876827,-37.80837358420503,105916419
157.2904030740086,2.0979113916675307,277888348
157.2290328836656,11.097108659430768,392796964
157.1930526617529,-21.685235439272393,423392930
156.5868340120804,-38.512037286384874,105762960
156.2486556739862,4.769632455308205,277832541
156.0495279642083,-63.477210531237134,848444810
155.8873141276131,-37.48709117196622,73764818
155.7907460441369,63.46251155739832,287286376
155.715637471079,-32.43404741920708,874037534
155.6819319564155,-21.000492509017523,47481377
155.6195538713358,12.699610199834986,70667234
155.2253008425772,36.4460039104623,8151705
155.0180905730283,-24.312908221990813,192973597
154.9828408747294,12.275334991205272,70654644
154.9679573710518,-14.126141525391482,307982318
154.6650322983484,-31.133533251042945,71338307
154.5154336407069,15.865963101199892,61108717
154.3609007665398,-21.895290998323343,192538483
154.1187385962343,-5.34317265637637,841768032
153.9501421991268,3.112860333088592,277747736
153.7988245359365,-1.0711506971877962,77641691
153.7595794385866,8.110645546049719,349948660
153.6552596722193,56.80864150304676,137967729
153.3810052190475,-56.01445634135628,463278069
153.2812151392886,27.415981725823887,241194059
153.2132536423851,-37.38028021324479,73005766
153.0053486859882,-18.72596658051428,52104043
152.6990919064339,-24.453274861563564,168071263
152.4005003378076,63.97667092006597,356502320
151.6764968860745,69.6973219828774,103631104
151.5963157042076,7.203219999054953,411150874
151.4641640812677,-2.571440315934719,178876506
150.9347761607353,-80.25951993649748,394334615
150.9112590106573,-3.632750476465428,178865175
150.9064845861164,-45.26491522865383,36846661
150.6148217599601,-71.07910560537391,372313154
150.58185042472,-37.23129017689139,286936972
150.4541252133206,14.689990879643132,308996412
149.9050254184968,-26.073675574818573,11560959
149.7286253853391,-66.88578897578101,372091627
149.710749442732,1.790035056609581,275308213
149.6553725862372,4.357891301922031,275293861
149.6288176937114,69.48291840690975,103570864
149.5069759028629,-35.902773427189814,48337030
149.4746422983474,85.4945671457727,298411553
149.4501336679733,24.54736776910658,307987854
149.0364706470981,-4.439019439854139,62761029
148.8435514201755,-71.30279017295972,844578947
148.8310483376314,-23.036364760773044,101414764
148.5747062718591,-54.25475021284457,469166897
148.2510807499956,-26.962422619466675,22083201
148.2463544220654,7.51833807746776,377064855
148.0909980817682,44.90860494425253,840844749
147.9143097926356,-57.4446546695029,358286922
147.8582944438102,53.15853305122355,453444667
147.7589704869952,1.075580589826294,275185321
147.706001026628,32.328104336639804,4894164
147.635964414386,-40.9081744027374,870856230
147.6018593778259,-38.63406039118094,45163849
147.5694729960148,53.25396386015177,453433386
147.1939921992814,24.356707906311897,98413819
146.9819386473075,-23.209716089280068,5452928
146.9663018452205,-34.015597560809,48011814
146.896271840234,-13.93487388227083,1472576
146.8813727439486,18.986732529231443,88005358
146.6627911198444,43.91578487651299,243247473
146.5477118771885,-19.45519150627089,5392904
145.7108774565625,26.01653807279738,233432206
145.6680853906544,-46.6217555605318,33724884
145.5390411535282,54.78670429964615,328629385
145.484168888474,-15.537290800129778,410007055
145.2680486145949,28.37383369863854,125552142
145.0943381998802,50.35156627303884,357133468
145.0494002383452,-10.573859263742536,47143814
144.5893377815036,72.70504521825805,313026786
144.4353397555453,28.910972112948464,840381257
144.2912328949435,65.12947438717643,841203288
144.2478656353579,-37.35666913837301,293811983
144.2472834660978,-37.35780983957744,293811985
144.1327108662772,-37.169406650127286,293808242
143.9083608361606,-58.93387868827607,439927344
143.4202338763156,29.18902251600272,349792831
143.1997728004471,-37.74124690669993,5624184
142.6086600650258,-71.30791859380109,370329413
142.6045642927081,-60.9151522276688,855710135
142.4313665141364,-17.5487905928045,296782690
142.3376999068861,-4.168047936462948,77551542
142.2791253792317,-71.56485700361382,304303114
141.8945453243713,19.72906494193048,91895178
141.4292568444081,61.337119386600115,86279816
141.2977790668349,5.158704313356898,290653324
141.2899412979279,-14.189599054393469,334631792
141.0627438567035,35.280944648109624,307908863
140.940389873681,-30.36345181814748,24441509
140.9399900281467,30.46794693362952,307907698
140.8747497083351,-77.88953119824235,842877396
140.732180468957,-16.564516030249834,334510708
140.6017965512799,-31.693292088415895,461837710
140.0924763289852,-13.258825323403649,1360104
139.8256097661256,-47.56496187734316,75985275
139.8108538686956,77.39696793335482,202279210
139.7292938854252,52.41462270025104,251085354
139.6742481471734,6.283998675030937,312026151
139.1698471774636,43.99369150868141,56885227
139.0852003078042,-63.18870747608676,358165776
139.0119678070798,10.185939675743017,311988681
138.9755532497826,53.41831058432857,251080865
138.7090797384986,-29.70756987963283,828111555
137.5795048473066,-42.75829718365684,816370956
137.3285984721494,29.49115482576827,801337988
137.181005419032,85.91084855842608,258640923
136.9843488850828,-36.897750544305026,192083079
136.6691696577366,-30.20706578983897,828153293
136.660792092879,7.016451332359797,323601363
136.3126618730565,-23.715777773930064,51915236
136.0829731370562,-45.61476494367058,447970305
136.055607736278,-2.875642606107608,918893
135.6773949647994,31.34537677745425,166593519
135.5720608891601,-4.115383595947361,892149
135.5541657074046,-39.76488139438883,191532802
135.4521904616871,36.1180323749232,21448779
135.3888206209586,15.862350351476517,437059521
135.1189789681776,-9.156389601028438,47330872
134.8516810825138,-40.128619773513215,825951381
134.809582844105,32.95336156416922,166532159
134.8063724509822,-31.404705547487257,187123483
134.7951840390021,-36.79192215378814,191233258
134.377060243221,40.26944521128519,416856967
134.3430795479182,-22.758659870683303,118690168
134.2836417433738,-60.544882494269025,356455717
134.1185547523865,65.66283607164506,457127465
134.0787993858911,16.184237003342638,437042755
133.8138157110926,-28.981142557089516,2140147
133.6018927220823,-49.29007148628437,814995307
133.5379093747345,39.25125834428337,801597006
133.0034426291003,-73.39849405402383,375175796
132.9061729945286,18.855358587309205,197191699
132.7605791812298,-61.92143843823877,355940343
132.6976062579756,17.433764756977755,46259736
132.2888165397682,34.49662703781197,284894657
132.2462110807882,-8.91405129992083,13476741
131.9456170751695,-73.21354994884697,287976476
131.8717552209683,-18.996999154550107,176445717
131.6842014377068,35.642359303418644,165892318
131.4539753381958,48.87938887446893,802158439
131.4131860690868,22.957573181149076,184915712
131.3531640589772,38.03145288847575,67595083
131.2405211161638,45.60832587403817,117892271
131.2320502290751,-44.142424541991694,430591603
130.9968076800887,26.04882762771915,117278328
130.7208678083927,23.006690833121706,184872734
130.7007194840268,-13.787113108571324,1107885
130.3795013563218,-32.93649496565008,828586244
130.2661308340931,3.354630035869581,432208773
130.1726167681003,55.66469503689101,802265799
130.1222347675122,-78.44438002537487,323245561
130.0313767235653,40.251004856789734,188395799
129.8360301897905,-28.0255743319878,196518001
129.7393405196402,-21.7697871051954,118429656
129.4946506540305,-50.29527766789466,93113533
129.1556146760976,-28.277606643972614,285222557
128.8475745559483,-43.99944755801071,141056084
128.5003155536318,36.98898838653123,468448790
127.9691256114635,-26.202063465102945,231599925
127.9664952664882,-53.676249985200386,90211642
127.6636415245351,32.69411028218998,172842159
127.6567303339579,40.85278252590655,307864083
127.5387205606546,45.34124204230864,27321433
127.2026015845491,-80.32639606741859,323067031
126.7730177754265,31.50225310217907,400728564
126.5705932927677,-61.14953642897706,309787398
126.3969461648633,63.114916713949455,73381663
126.3845003710834,-7.472971589532212,50716374
126.0137839551268,-12.328591079642454,409732714
125.941719221968,24.895617136333687,302262924
125.9201461561317,75.67027637734034,802724619
125.8960781026966,-48.95232682595781,388754258
125.8121430853922,71.97065244732414,153858788
125.6919527581641,36.23657708768577,99011986
125.3776864516505,-25.19488680237967,271387154
125.3567266023035,-67.05262825043658,307363368
125.197147745451,-27.436128385034515,271116055
125.1343521940696,38.47973295974144,18805280
125.1188500836965,53.575338551222096,802279081
125.1151712584658,-53.48865993436499,388495346
124.9425860233271,37.52396811797133,18782844
124.8887247161825,29.559061196777815,462513335
124.6689881029649,-31.17580660212044,824900669
124.5851404704699,27.092402207194905,155231107
123.9536574697591,47.67722706536473,22635383
123.8906528017889,64.3053238235866,73276518
123.6061089995068,-64.53642666811926,309070278
123.5469724383494,48.75715308514721,802038167
123.2895480508651,-22.710332919765666,437143765
123.1578785777125,17.616675387728357,27634101
123.1124175674745,-35.49549759663225,145863747
122.8831689090195,43.386868292289634,192968590
122.7386843620551,-56.9576100770622,342073608
122.5163522576707,3.49069217657744,452981151
122.503396570799,-24.350380278458964,154753360
122.3827986047874,-72.98770291872279,287352377
122.2964139116561,35.46547556075916,165821201
121.7933677305593,-36.38056787906518,823660418
121.7276841759443,-66.30592364850563,306826966
121.4929757943113,41.15873784676992,362023614
121.4066576503412,38.53554925657711,17901092
121.391158779172,-30.49786873810856,825290785
121.0870928384846,22.838033109507553,801131732
120.8589736617556,-3.796117641584405,73235712
120.5230746351364,19.008228042560624,392088911
120.3859549490893,-6.126400814038457,803307316
120.3596090200301,68.03697135662615,802568439
120.1224936434943,-1.8442743098501453,72983467
120.0668782762293,0.6791291562984924,803905418
119.9516122224343,2.4011414538043443,321258095
119.8299270408756,61.12856005750552,416500307
119.6163284597626,35.899632427294634,371293993
119.1826693630137,-54.89674706146593,766003816
119.0046087854322,57.69800026354319,53426287
118.787010948362,-14.765529171888671,784166518
118.3680858621332,-51.24283350185357,269071459
118.3629391175445,52.49093986155923,284021737
118.3011844572194,-67.79867244988867,765065668
118.2708048164835,61.36737140320235,335609834
117.8946177552,-1.9686559057083572,122866831
117.890012198882,-3.905529562651017,122864598
117.590574800453,-32.48293614401761,774865907
117.1746253176095,-3.3930086846966314,68477850
116.900001724491,21.110069801455303,62942089
116.8572699886709,44.14602260166337,241182175
116.8548907214967,65.21695969928007,335501964
116.6234024693088,-6.417282874505808,32001424
115.7621150028739,-36.65142974320949,175175901
115.7089448976311,-30.46129382327998,775483335
115.4851044312432,15.187330620427671,16276672
115.4699720464083,-57.14541226428306,340360114
115.1003265102624,20.493561112125967,70549080
115.0919233769588,-17.41606611553706,289328753
114.9888921207644,9.24420761908621,270093857
114.8324373732938,20.14153822656666,70466745
114.6631932503353,7.326807518785588,270042248
114.4564590527506,-18.26904138558746,349323840
114.413458920844,-29.749192281817507,110481341
114.2834209042743,41.20745758491593,67441210
114.0636162288053,79.67633677364697,141689067
114.0327161581054,14.747349706970786,14802607
113.9509232006896,2.4065445968970667,279946436
113.6135541881618,48.686720451285645,453373950
113.4091848428217,-28.272626837102862,109692639
113.407957337152,-42.89622645238216,123029058
113.3605665106868,-44.89045836027209,122996150
113.1388719627528,72.69442551637945,441588481
112.3729074240338,39.16946931631359,18747353
112.2612768968359,13.246792188609078,247056967
112.0207325272731,-13.049781945322694,50108394
111.907143288335,23.303458385760557,60844744
110.8339062124852,-27.78941547569671,107255233
110.7508252024082,16.284675051114455,14448610
110.5737212501128,-6.362811195997918,187516875
110.2324781315254,-42.84205072177232,59851356
110.0381386270695,46.81152479217421,407569944
109.9983747840614,40.35568950579885,17857475
109.507188431607,45.797270997655716,156939760
109.2924861245784,74.01089029039747,441569276
109.2807918763635,62.23539693936644,88701414
109.0152035458751,1.996415684995916,758035586
108.9453502741029,-38.86755249423996,22868366
108.8176376285041,-70.41772399216691,300159301
108.339417341993,21.567983909364088,59320872
107.8094804009771,-25.303302369105275,781046627
107.8080265606694,-11.622648334420289,178052346
107.6651983731323,-41.740691139652576,22595500
107.5584856166639,37.670845951226774,321104192
107.5462212211027,40.60592153059962,321102379
107.5201271080385,29.40063754717414,87949800
107.3534948472011,-32.08312731425175,777290568
107.2152730440579,-67.10914625950578,300013123
106.9792967655746,26.850787058331097,87749981
106.9784844751922,-74.6410900720411,391923441
106.6983062170645,61.5639115606464,88564975
105.9889855059263,25.571512273868343,91735009
105.8576426806221,62.37997567415889,88484968
105.7461290229469,44.11492267104732,192200194
105.6909676600258,0.0551990794870516,291404786
