ID,tic_id,r_s,e_r_s,r_p,a,P_days,inc,period,duration,vshape,median,mean,max_depth,oot_variability,snr
000026,117892271,5698240.89107067,44928.91907278094,1.9761113638675976,3899216949.9322157,2.4627129633920624,89.99999999755488,2.4620924014946253,0.01,2.0,1.0,0.784790317095847,1.0,0.05338521528493586,14.680136763225125
000018,410007055,6402328.55246876,61319.93564087804,2.1816956260197196,11451949569.888004,10.408091667961447,89.99999999710461,5.201995891834847,0.01,2.0,1.0,0.901975979752406,1.0,0.17679956399355984,5.101292022450116
000025,138801111,5903976.580786948,108237.91778402767,1.6283450368220562,6884693616.59458,5.478591156221837,89.99999998990242,5.478250852638046,0.01,1.973645935325897,0.9580719374934716,0.7953307617113523,1.0,0.07165557272984321,11.092950613048703
000001,219840114,7467471.99773391,44887.98994691112,2.491103191045597,2769832934.545023,0.9828310367181563,89.99999998470064,1.96607640312431,0.01,1.9930643923070794,0.9741014992147591,0.7923669418831483,1.0,0.06585077008652421,12.044655374433502
000006,250664184,6558847.611906343,76665.62007608032,3.907011118140624,7659063442.250128,5.490110602193134,89.99999999852174,5.490589239071913,0.01,2.0,1.0,0.9924141866040201,1.0,0.2713121581357533,3.656758944182008
000019,287286376,6618268.37641951,35596.94983239742,1.1078059493707801,4580222369.531977,2.5047950030556447,89.9999999954389,2.50398743123016,0.019,1.9987869539222947,0.5257331396137763,0.5452745964575884,1.0,0.031563902286026624,17.284965448949812
000005,855710135,6789916.403034563,213771.06210058695,0.5340325510401368,1520839617.4013648,0.46119797225258446,89.99999999974696,4.950797173727519,0.034,1.9998903464877542,0.9784048199653625,0.9998430989005349,1.1201990842819214,0.30976384383848626,3.228167505312407
000003,397832671,6576646.271374069,34881.74544537868,3.6423928186904773,14276930112.23848,13.91567986437617,89.99999999835785,8.885981864916051,0.012,1.997280477514002,1.0,0.9474369668274595,1.0,0.1692499084864279,5.597643404113211
000008,100603346,5729592.91382456,30750.002103340496,3.631235762270193,1195916590.413308,0.41488199760150607,89.99999986674356,2.072816326545013,0.026000000000000002,1.9998536442805501,1.0,0.9076554388908366,1.0,0.08697943437171232,10.48780447574418
000009,345644126,6452528.777476104,55995.90485309015,0.6315889977280169,9951703815.511925,8.333168088321369,89.99999999888206,9.581560544054659,0.01,2.0,0.3753206001313786,0.36926850447611004,0.48132436471764184,0.06686044342647354,5.522628729775711
000028,235567807,5335607.918427178,42541.05202112934,0.7328470245375659,2842202075.090369,1.6914745585217685,89.99999999881913,1.6909810457964867,0.017,2.0,0.6397933887969618,0.6502887735040985,0.9159234387886098,0.12679605680581935,5.1285786132646605
000016,173097622,7337860.980545526,92949.16456147995,0.8668149640555585,16002291889.730558,14.011284990820705,89.999999998003,4.669518555509581,0.011,1.9987155491001471,0.6112451527088415,0.5689136526985528,0.8248430846281076,0.12055699503117391,4.72029033246761
000021,409732714,6333649.369070446,33999.014204238905,2.381010847758861,2577465345.6352916,1.1294503148330541,89.99999995811753,1.1291720945037094,0.01,1.997463321554786,1.0,0.8241150145387404,1.0,0.0769436110599483,10.72033384093096
000014,130927019,6060204.272977809,16121.277024218876,2.071696265485745,10309430409.172832,9.6533936506604,89.99999999847256,9.0575399638983,0.01,1.996059863748784,1.0,0.9280630980322537,1.0,0.18556269243310508,5.0012238182875235
000024,402959206,6566192.176063411,54965.5175874924,2.2653382561679907,6460421518.435689,4.245998171953761,89.99999998806311,2.8306149831761775,0.03,2.0,1.7799192667007446,1.866528618335724,2.6363558769226074,0.5271230615828112,3.5418838111185647
000030,784166518,5160001.158803773,16397.192561081585,2.401774010903638,3037364867.7658515,1.964851141355803,89.99999998053518,1.963866088995212,0.016,1.9955627730412246,1.0,0.8284307299237663,1.0,0.03791781028882721,21.906408753468266
000002,321424787,6375705.367605815,57780.49657751332,1.0471270589574584,14336683097.334688,14.670319543370619,89.99999999786722,9.777540066836655,0.012,2.0,0.7090395866035912,0.7281547948272236,1.0,0.09680523355181893,7.521994312485327
000029,1859153737,6320843.58384793,152188.75564315813,1.132178471294333,8268543805.336043,6.509383916991337,89.9999999996052,2.997749299790908,0.1,2.0,2.7008631229400635,2.80534984877235,3.967221736907959,0.5439662299871738,5.19551392281218
000020,382315106,6406508.917519361,79232.97279998971,0.6187707130317533,4373168020.421341,2.4536973685495673,89.99999999502056,2.4537978888227547,0.01,1.9969466874664965,0.46560636162757874,0.4768756123633048,0.5540023197610378,0.13846055121322576,3.4443117963832552
000031,48318005,6535024.665782198,83084.34207307156,0.7380630057968542,1938200260.6416101,0.702726011079422,89.99999998174324,2.1080874242439402,0.01,1.9995691346760383,0.6321821000267145,0.6322701342803725,0.7441974516298786,0.16926365414944586,3.7339114958218063
000012,18020959,6610182.901862908,65106.35369651947,1.0956463458564731,8429937908.844104,6.265781603834535,89.99999999446474,6.26290421177376,0.011,1.992645360753399,0.6501936345233825,0.6315111885390702,1.0,0.0700458560966443,9.015674461333383
000000,153858788,6624891.197753822,60090.744010739334,1.2717552446595708,3620332661.174225,1.7575735029698838,89.99999999701669,5.27269004764869,0.01,1.9988916863164534,0.8376994289886814,0.8030679299568385,1.0,0.15364386854688503,5.226352851991398
000013,28240367,6467748.621199315,52900.94302353447,1.6489474182386021,9095769442.674377,7.255851258870157,89.99999999377138,7.257246277084138,0.01,1.9989783943260697,0.9913481772440006,0.8910295763896044,1.0,0.1650097234281507,5.4008043190102715
000022,284566548,7811746.44257526,26538.24479086042,0.7455098525623901,5689765973.793932,2.704445926525173,89.99999999589829,1.8029528415602394,0.01,2.0,0.3660588177488979,0.3651459358206617,0.5703566182455388,0.07520227720157535,4.85492033320384
000004,70549080,6881393.423079972,76793.83209045608,0.6750001355869825,5331341594.537427,2.9668738934993986,89.99999999663318,3.065954503176764,0.011,2.0,0.8347618579864502,0.8522984027862549,0.9399821758270264,0.2420838956511617,3.521117345214265
000017,59320872,6479002.235676998,50063.3679878175,0.5056124204131672,10444887410.029736,8.905377908423144,89.99999999720534,8.514157323206485,0.03,1.9987861007653374,0.38635170459747314,0.3868480523427328,0.4124898314476013,0.1176897844898253,3.2869273379643937
000011,16200170,6674914.110070273,52384.923323858166,1.3022452203142374,6647264200.126692,4.323692428864548,89.99999999661682,4.325663780417139,0.011,1.9978300728211613,0.6131757735899626,0.6100149248859417,1.0,0.03546070140899756,17.206561747161526
000033,416856967,6601856.807504233,60823.22080777456,0.979852514410601,9969975721.310448,8.07422606572145,89.9999999944671,8.075719778580584,0.01,1.9866369252917246,0.6148909505746285,0.6448852219705454,0.9993326023132235,0.07536427576726626,8.555291313466046
000010,274677205,6783934.662088795,36130.106226353484,0.5395457144701837,2424589191.673374,0.9295947596471313,89.99999998753135,6.507069451852219,0.013000000000000001,1.9970346091748632,0.28667105421841277,0.26494930473512723,0.39041965054448313,0.05367655587221662,4.935436389951074
000023,87749981,6258750.988711623,72934.5446093484,0.7986235697868592,9333473641.088148,7.923049198708015,89.9999999961199,7.922758252752512,0.01,1.9978942972918925,0.6923616008567958,0.69481900100906,0.8804722480934298,0.18102175595795894,3.837918404054453
000007,233206916,6516270.4539796235,114066.63914683908,0.6116954857030039,13399245213.427393,12.828644047696518,89.99999999961456,4.8734426235056345,0.021,2.0,0.6955096125602722,0.7312442605338876,1.1650029420852661,0.21240004176841526,3.443399894539473
000027,233528682,6511363.503983752,125509.03778450504,0.7864385826300287,7883124595.8832655,5.795602338759516,89.99999999561625,5.795193002657102,0.07100000000000001,1.9999731875446807,0.7047121822834015,0.7343080749796653,1.2415812313556671,0.21032562132178673,3.4920028585504195
000035,840844749,6257565.646120503,109464.87320502783,0.6765441562193741,4014222868.48953,2.23538845608936,89.9999999953951,1.3367127931827398,0.1,1.9991481402890345,0.2932364344596863,0.2929435670375824,0.31741005182266235,0.08809481326034506,3.329219593456696
000036,157110489,6680032.172974272,46510.74670870284,2.385936717575054,14930999274.329708,14.538660142627332,89.99999999589646,6.507069451852219,0.01,2.0,1.0,0.8293707347053902,1.0,0.08888369912573472,9.325932799590003
000039,414670123,5793082.897362495,31508.94799664459,0.6588229189866832,4527438084.02136,3.0058898996449637,89.99999999662157,4.622484115621224,0.015,1.998926402620865,0.9380129277706146,0.9380129277706146,0.9391106367111206,0.30585766817330534,3.066538715111429
000037,456724995,6512904.2035784535,86072.34627240416,1.033908136116604,8085259086.869438,6.017800423304622,89.99999999911147,6.021124079191009,0.012,1.995051742047957,0.7876936013387924,0.825767239755598,1.0,0.20561602056693828,4.0152826882197745
000041,411239443,6941873.078313042,34287.078260151335,1.1322162419473125,3578436557.8493977,1.6102150585409836,89.99999999721219,2.41545811739512,0.01,2.0,0.6694707531669797,0.6590150077423718,1.0,0.09320530852399969,7.071424123236012
000034,411150874,6470630.529296214,78868.44316046359,0.8398082852438219,12222838550.135115,11.295282920480389,89.99999999948044,8.371704182356048,0.01,1.9963520473500735,0.7912786823988713,0.7678131604812836,0.8593107055041167,0.19430828540091022,3.9511985766099205
000038,270259091,6278845.533319217,84077.04940724351,0.7463804955022766,3459029509.573006,1.7789781185591895,89.99999999950283,1.7787795584818786,0.01,2.0,0.6262272100803625,0.6324678452270464,0.8305712662376686,0.17591983314863108,3.594113131756909
000042,157979698,6715583.809901888,103174.77555251325,1.6269679095519707,5404115889.854777,3.1406549486220254,89.99999999221663,3.1392407366349993,0.013000000000000001,1.9981841423906146,0.9101446874408929,0.8253141809606462,1.0,0.14343957471127655,5.7539521852789
000043,241160001,6252783.344162687,141294.817165243,0.9148158443974529,8301149851.033024,6.655124947562404,89.99999999870774,6.655119188846712,0.01,1.9927215076110243,0.8242157573704258,0.816677100379687,1.0,0.20404042619284457,4.000759354703165
000045,213230879,6421255.371624978,61218.74948047526,0.8538935298962963,4869260178.743782,2.8729195349309586,89.99999999651877,5.45365719748629,0.035,1.9978637322818842,1.5375521183013916,1.5434508215297353,1.7969223260879517,0.4470192217657066,3.452593815313528
000050,1920376931,6744493.730165991,90185.9923482702,1.3738429688301914,9308203744.196568,7.053971369437973,89.99999999248948,7.2327974297656485,0.01,1.9986802363104568,2.08683180809021,2.08683180809021,2.08683180809021,0.5615606052521175,3.7158195729746626
000040,84198841,6873010.573048852,34933.99060679668,3.3350619579383376,11028012271.170635,8.842686888045428,89.9999999917374,2.947592979320594,0.014,2.0,1.0,0.9067582863382873,1.0,0.14055596516245844,6.45007724753948
000049,144382040,5671316.959077681,59807.19606673251,3.0578955418329907,9235099367.69959,9.040561055926968,89.99999999981164,9.03718596848019,0.018000000000000002,1.9966945759975478,1.0,0.9665490060702118,1.0,0.2059323377447834,4.693362875432418
000059,119973772,6485248.970957626,64236.25292829053,1.3643941456205784,4560398199.12703,2.5655062224159915,89.99999999513669,7.694402309471453,0.01,2.0,0.8650658465425995,0.7825718373128114,1.0,0.14473407689518317,5.40551967667909
000053,848444810,6495573.387659205,79937.64881966666,1.0147116169320842,12933743570.941208,12.22416020153095,89.99999999888682,1.1140325988633226,0.079,2.0,3.686866283416748,3.8558193916498227,7.15910530090332,1.101379572920386,3.508286150350948
000051,67990605,6634927.234072152,97997.14794275285,1.0053821477943898,12559228000.91606,11.330499994883164,89.9999999954067,7.913851282260592,0.01,2.0,0.31573277711868286,0.31867670019467675,0.3705887198448181,0.09117778649993927,3.4951387701623986
000058,365958965,6572376.213566734,89164.79469773482,2.1714408309959348,3839172127.8474054,1.942368639016422,89.99999999629826,1.9418991568868291,0.01,1.9990976545060093,1.1496906280517578,1.134639853576755,1.174906713783549,0.3495503022513958,3.2403631572657097
000056,173387780,5556600.3155727815,41895.6022820404,0.6287407127633313,3802990769.752333,2.4633894231515776,89.99999999635875,7.397359029289754,0.013000000000000001,1.9988321529302415,0.5678942203521729,0.5678942203521729,0.5678942203521729,0.18609306753567986,3.051858190804916
000060,156372667,7156823.6209943,32428.479951598514,1.172754524908458,15976257760.5075,14.51078880125027,89.99999999998765,9.799561524225588,0.01,2.0,0.6796549710473375,0.6619404958308417,1.0,0.10297186237430361,6.428955153962805
000062,157328515,6667729.628169263,66018.56072573476,1.5091719753468713,8451352861.538153,6.208422793189583,89.99999999720892,3.104126586785397,0.01,1.999414689820544,0.7462885372153858,0.6634750376109623,1.0,0.027849491388824765,23.833256232731376
000064,271116055,6709189.553274815,59302.49192544189,1.253716328872704,7965361209.207797,5.628102823979167,89.99999999886276,5.628159411273975,0.01,1.9966566430523065,1.0,0.9750633530688463,1.0,0.28866439505383884,3.376723607630338
000046,29267489,6528827.189673482,119588.73773543168,2.4495074564928325,1343070683.4155655,0.40593308390874205,89.99999990025947,1.2175616552697652,0.01,1.9976775167668719,1.0,0.9002177145481334,1.0,0.1795012035404773,5.016703306116457
000047,82311843,6620716.746601456,47409.900599604545,3.016389840688095,11188817082.968813,9.558233887122338,89.99999998618166,9.560028975859614,0.01,1.9567065333581322,1.0,0.8271899409239736,1.0,0.026021439077604746,31.790534280983724
000066,160056476,6320846.753157059,100377.04067936394,4.802547099575648,9268840564.998516,7.725634011408184,89.99999997823717,7.729100764131422,0.014,1.990081882811351,1.0,0.9855161943032286,1.0,0.23379754332919625,4.214153579297339
000061,107020009,6386972.656354732,74280.60475088515,0.7293489173499141,11848267892.879148,10.992554226497859,89.99999999817612,8.466405627975965,0.01,1.9973181358086083,0.5008534491062164,0.5109675850966298,0.6488560243925205,0.1314675833313809,3.886606286995957
000054,1976379547,6480996.637860469,224862.6784341039,1.5989256791696917,13696544820.772587,13.366347401683077,89.99999999905056,1.1253680405856281,0.033,1.9997007019311483,1.3233792781829834,1.3530249189823231,1.8952304124832153,0.3913707373298233,3.459979488126477
000067,27526838,5483493.690061806,34686.181319108466,1.875185941831628,1056270818.0579903,0.36782039337420863,89.99999995501304,1.4708293458036283,0.01,1.9957121196461411,1.0,0.8846618881016313,1.0,0.11456580908922873,7.726756184602377
000069,295851329,6609271.014714938,35540.373562742025,3.327940285064771,11384176315.38137,9.835149899152247,89.9999999992692,9.832686741103359,0.01,2.0,1.0,0.8811057857636244,1.0,0.07350809553839789,11.985732197963321
000073,315138575,6201825.934870823,93687.50244909972,2.334092405649993,11258118774.160147,10.640898100306035,89.99999999842417,5.320352416124497,0.01,1.9992175144968913,1.0,0.9407671521667805,1.0,0.1978854943608919,4.7537746808269015
000065,85339363,6718773.922667355,119051.54616390787,1.107425409185968,3975685114.4989095,1.9803494494761438,89.99999999437715,5.940395214042066,0.01,1.9930601095926754,0.8266542289099318,0.8069321126658959,1.0,0.18359594245090466,4.395620780376266
000044,267544200,6660615.971257977,62039.528707007354,0.9010061657967599,7672884313.854877,5.379294089048936,89.99999999632641,1.075855107650496,0.01,1.9999898844445314,0.536342939889062,0.5596314210115942,0.9063035841044876,0.0911169292495033,6.143041709607466
000074,405173130,6730877.4747604355,101799.52686589392,0.5297253074494551,2681923217.698894,1.0942609139164017,89.99999999581047,1.094161886753824,0.01,1.9997974687654692,0.2506726610133594,0.22076427482304373,0.3318533911947221,0.01980430487276038,11.151260526242371
000077,305190194,6551128.844108624,49213.863206099835,1.3858983937385467,2437320767.478828,0.9873104329167753,89.99999998529937,1.9749425645476446,0.01,1.9995759845074155,0.9547268608699961,0.8794264539090848,1.0,0.18119136138146275,4.852735567592839
000070,1510180735,7818077.848556182,32884.0444988746,2.3937619670640213,17601013912.57576,14.696551731243954,89.9999999995184,6.9379484693873685,0.01,1.995887111577182,1.0,0.9927651847196081,1.0100414477197863,0.28695189121016024,3.4593069305980557
000084,775483335,6785790.652272387,32751.75301871586,0.846553882539727,3167718491.3423176,1.3876440831797687,89.99999999185042,1.3872644507969223,0.011,1.9968347835367748,0.46085197373253717,0.49208786259234094,0.7533425975892942,0.08008556743724017,6.142287402943863
000078,72511763,6523462.330055546,68502.19182031293,3.018846685979369,1218609838.4947834,0.3512680793375436,89.99999994525271,1.4045363230795136,0.01,1.9987257829517076,1.0,0.9549546103762664,2.1198391914367676,0.21549052155673776,4.4327843649987955
000079,425639147,6188664.519336161,69345.1362934736,1.3818049154421053,12819530770.571793,12.970947062977896,89.99999999833967,6.485147865971703,0.01,1.9944593524347598,1.4538248777389526,1.400654911994934,1.524688720703125,0.3996580220533982,3.503818259293644
000082,287443040,6416677.90529792,75881.54888771941,0.8406641230730582,13886522063.280231,13.8510844563044,89.99999999661657,5.103465327280478,0.014,1.9981465250945132,0.843654453754425,0.8371597000529629,0.8994224940022875,0.24422079997567825,3.4277410678114624
000083,289512725,7838559.306888691,30125.229662387854,2.466924384232459,10885343612.343576,7.119799202411634,89.99999999987824,7.119787388676796,0.01,1.6427646500641577,1.0,0.8883175233534291,1.0,0.14178874602671399,6.264060837688445
000088,143951121,6640947.734446937,74778.9122153614,0.6034167840108694,9861077702.885395,7.872277275095741,89.9999999971268,7.869466406554787,0.01,1.9939929497021451,0.27000147563078825,0.25333079477294784,0.40853309836607443,0.007939563717126522,31.91426486164768
000075,67441210,6783694.939073913,72668.73577825614,1.8678830392090227,12002088228.800638,10.238696329004986,89.99999999521518,5.120716445646992,0.01,1.9930082582447484,0.9654079368986452,0.8550992990669076,1.0,0.1326751514713711,6.444269543340246
000089,2024418048,6557810.978196438,56797.2954692362,4.289816217733245,7871908432.798639,5.721904606281939,89.99999999242831,5.7239283213881995,0.011,1.9999800921226243,1.0,0.9437880396182823,1.0,0.10549765724975595,8.944739379341248
000063,229966905,6715021.174208,107033.43801079564,2.4981955421060382,6964074343.070267,4.594972563732502,89.9999999964054,1.5316128400496216,0.031,2.0,0.9882137176818627,0.7764141337647323,1.0,0.07445075548825576,10.433882458868379
000071,298900716,7223596.527209691,39018.78417790562,1.5077660245996096,10832366545.24316,7.9893915207015045,89.9999999930896,5.326340426296392,0.014,1.9994389875319973,0.6321694260299078,0.608524274739746,1.0,0.022420705219965757,27.151692842289282
000094,349673322,6299168.508515499,64923.17400391742,1.1357203483469358,8279176664.001217,6.555635367572584,89.9999999975625,6.558508422506989,0.01,1.9857974615816254,1.0,0.7352155677564787,1.0,0.063462824964834,11.577331808647932
000087,269071459,7371144.325454948,41578.88029471252,0.8576261401443368,8881919529.498482,5.754621758308038,89.99999999915154,5.756212066431209,0.015,1.9967951467283527,0.5242259407937613,0.5372382398547761,0.7360229096584758,0.12101064408315211,4.439452308505799
000096,150808542,6220603.657318251,73155.92893042398,0.7367951998602146,3360123012.570509,1.7272009680070426,89.99999999342097,1.7275101809484823,0.01,1.9987648082602258,1.0062137472264356,1.050821311187783,1.241081714630127,0.31764970730869774,3.306852143244256
000097,129633313,6216645.367229358,38886.16573163631,1.030103531967493,12214496411.025408,11.982242741065686,89.99999999902167,8.121267951746258,0.01,1.997838288486369,0.6631662006524399,0.6430524346498907,1.0,0.07783025984674516,8.262215488745857
000086,36694741,6687853.134538301,42805.08824034663,0.5786195732275149,1304982049.6781678,0.3750037580660275,89.99999998714075,1.1253680405856281,0.01,1.9959388134534894,0.31821344785240846,0.30523479271604514,0.4302712536571649,0.062111653087635464,4.914181142053093
000091,1400481144,5703159.06505571,102479.95181560644,0.8588828963261272,1808942659.1000848,0.7771822591201386,89.9999999842713,1.5541744166582847,0.01,2.0,0.848638752847754,0.8607273184209029,1.0,0.23555349786384186,3.6527480296906276
000093,373928876,6548890.560969549,148713.76727471518,0.6916231597279959,14215323804.777681,13.91369374824638,89.99999999777916,7.703062292061352,0.01,1.9987492639001307,1.2537623643875122,1.3077714244524639,1.5148487091064453,0.37273856243639464,3.5086114570470266
000085,258640923,6673651.669610619,46818.42793623494,0.9534872225605069,4856122235.264639,2.7005238478422653,89.99999999936188,1.350314037869873,0.051000000000000004,1.9999207844804996,0.7180055316404527,0.745990394102185,1.5876438617706299,0.19164824103509756,3.89640453248148
000090,39927600,6672682.396722654,67572.1512840243,1.3149321424916358,9581998622.87965,7.486733591559248,89.99999999644322,7.4894584414162395,0.01,1.99282114764139,0.9344658293695232,0.8957050955220043,1.0,0.21803734101511835,4.107786712221495
000099,24054308,6531231.37838405,43066.15069666479,1.010833308585509,6598997023.822699,4.418584845217213,89.99999999489165,4.414140132416766,0.01,1.9918628103510756,0.4922093622854622,0.4994238841892177,0.9947372505166762,0.038829855206179376,12.865785257514041
000100,1358161131,6639725.83841036,91452.8445885316,0.7634849012254707,1265780462.2850423,0.36213563730790255,89.9999999821885,7.430717946143554,0.05,1.998332357129197,19.799211502075195,20.439349585313064,34.07314682006836,4.449817240801628,4.584864896303413
000103,283922021,6910965.987368793,36269.779958035695,1.7954473729489417,8864497803.827824,6.320216800939263,89.99999998866188,4.215186601240212,0.01,1.99388572236381,0.9801962643963791,0.8727336159883738,1.0,0.14929468333763038,5.846388045395038
000105,26691554,7390950.521477846,51129.21529752491,1.693445225935328,10087308472.965248,6.936995531232188,89.99999999518701,1.8606424342159853,0.1,1.9999761305332087,2.512211799621582,2.5522778712363663,4.648075103759766,0.5793971918890388,4.460480522210735
000106,402959206,6566192.176063411,54965.5175874924,1.2295160595664443,9283255997.479156,7.313731466375584,89.99999999800455,7.314615463173757,0.01,1.9995564609405927,1.9526013135910034,1.939003161378047,2.5812113285064697,0.5267255414863274,3.6805830128263812
000107,435229564,5124596.260509136,37368.96134793785,3.690951878225145,10050965531.580454,11.950362979511363,89.99999998076976,5.973899862209695,0.01,2.0,1.0,0.9257456916195095,1.0,0.08711227114100564,10.627485164906297
000104,91735009,6755236.846564362,33698.55536623524,0.8379022914166848,1676920650.9174724,0.5381047219003049,89.99999999260422,3.7667329105288045,0.01,1.998709489940233,0.46090061018402884,0.4497580561234399,0.7624220418643541,0.037158747241910206,12.10844765487704
000102,288753941,6484880.896978822,47947.33026332608,1.9274846784934705,6221828993.142277,4.088678886599447,89.99999999808654,4.0890909556300485,0.01,1.9993997605942926,0.9129743273393031,0.7559192995054927,1.0,0.05365566532553467,14.089446624792767
000110,124334450,6606484.522770004,52306.49717852618,3.2660968827451664,4269056268.2616334,2.2599617566152044,89.9999999734027,2.2603559969456923,0.01,2.0,1.0,0.8712913003686501,1.0,0.08062300441312352,10.807590656618688
000108,50108394,6823559.009360683,56594.80411964508,2.6489277526737816,4606149471.739441,2.412956636362823,89.99999997734626,2.412742596677492,0.01,1.9997647609409739,1.0,0.8883752371969251,1.0,0.1134908053265646,7.8280202343865
000111,344165518,6449966.630579416,59273.442895488646,1.7777320802683367,3271005387.1985016,1.5712474710052673,89.99999998194363,1.5717553727930258,0.01,1.9962229720102385,0.9829953459199385,0.8613770943917108,1.0,0.14382874845431473,5.991599462973059
000115,437143765,6501098.206951236,62095.38212081927,1.1292385404879222,6252132961.767213,4.103185227168545,89.9999999916447,8.222380254274217,0.077,2.0,0.6638698577880859,0.6704673369725545,0.6889729499816895,0.21698307565450453,3.085897938996023
000112,147266280,6926530.055837294,76024.14209499338,1.1742266414100162,3661118874.7398295,1.6718837064671435,89.99999999836784,1.6720664843415463,0.01,1.9944420647644718,0.6504297595962908,0.5976699980247775,1.0,0.07228362034176344,8.266968248498557
000113,157154110,5744590.269983847,18926.766751400784,0.6681153909021706,9116669264.960836,8.698104407783822,89.9999999996518,8.542937519867882,0.01,1.9728292551368571,0.581180553854387,0.5706932399323366,0.7226074703531122,0.11998560939585577,4.75497152751038
000117,401283890,6514102.146057066,49684.24687237003,0.6293147908731026,10237629232.628956,8.57188139511235,89.99999999957598,7.314615463173757,0.025,1.9984095445727912,0.956040620803833,1.0442604902313977,1.676277995109558,0.22647967487021625,4.607883271047022
000114,436823466,6597956.755187852,58252.53858138021,2.707248762578983,4020884995.2573023,2.0697942906718976,89.99999998882944,2.0704860126231797,0.01,2.0,1.0,0.8565474044791608,1.0,0.10526205849685011,8.138818675920104
000122,158571010,7409442.171070105,74939.61711135,0.5074389421367855,16216640400.265076,14.087111910189265,89.9999999983322,4.900929511933481,0.032,2.0,0.4343518316745758,0.46157630532979965,0.6299137473106384,0.13037651557380164,3.5393757431329598
000118,233647819,6493205.03446527,77379.58533502076,0.7776265453249378,2263337949.0580244,0.8953530906143873,89.99999998431146,1.7908254128960117,0.01,2.0,0.597817835357946,0.5917644757043509,0.7931201457977295,0.13954406671116312,4.2406539819139555
000119,91534657,6461199.94599799,88944.01988780944,3.6105623478630373,1228785120.406178,0.36083034100347194,89.99999987742285,1.08192307881443,0.036000000000000004,2.0,1.8550438284873962,1.9288753607998723,2.449730634689331,0.5770170265071527,3.339528312289387
000124,266594895,6451497.622103426,104184.74927642489,1.5981026317496843,5233744843.264603,3.1789735242732027,89.999999998882,3.178325256559315,0.01,1.9996603183668409,1.0,0.9565808961249113,1.0,0.2532379094176257,3.77682386089472
000123,38639743,6541724.1889593825,76078.5989354523,1.0189096736276628,14828260206.615093,14.847586278911544,89.99999999900876,9.624769273042016,0.01,1.9999896253989122,0.7123139621429021,0.7435056080763247,1.0,0.18737856663287622,3.968196383691035
000126,361165313,5829439.400745853,42882.97925150272,0.5769472845390065,4598201735.471874,3.047900237665869,89.99999999326015,7.024328077686004,0.014,1.9998699103937685,0.9301851987838745,0.9711791656234048,1.3926622867584229,0.2797517020004211,3.471508016832425
000125,23345982,6825941.500833564,45208.26174108214,0.6877367222773358,4738582870.013082,2.516446962282242,89.99999999189615,3.062507677536226,0.01,1.9991699612889706,0.4691927433013916,0.5025529877170815,0.6426403522491455,0.14874304719295134,3.37848704093145
000120,157773422,6562681.817125226,48556.55644334816,0.5584935082836678,3829095694.8810396,1.9390151915115308,89.99999999466311,1.9397160234455595,0.01,1.9996753489270427,0.2942951955391262,0.269820905111559,0.39883550875508456,0.04477297262546764,6.027464354147032
000127,344984889,6253116.100904403,117640.53332574692,0.568244747343148,5892855127.920726,3.9801809106374186,89.99999999592616,8.866013392804991,0.011,2.0,0.9231420457363129,0.9231420457363129,0.9253985285758972,0.299290201333789,3.0839922669034814
000134,101359698,6990616.799338598,122407.15041041219,0.7890834444662841,1886318556.2345526,0.6098291997740399,89.99999998828903,1.2203039076079445,0.013000000000000001,1.999559641125417,0.505043704652637,0.4863384357833196,0.6741980945296243,0.10088970392695341,4.820885835595083
000121,122996150,6564480.256942766,48431.81115929934,0.6500964284470098,3179174644.2770324,1.4663240697040865,89.99999999901218,4.399269390262036,0.01,1.9997958915732046,0.4192258878563656,0.4287080495463702,0.5904758846167912,0.11696997395247796,3.6652264325005186
000133,430591603,5839363.421585329,30658.526552116607,0.5979043858596903,8794212506.098465,8.04092627908364,89.99999999983694,8.552552521425259,0.01,1.9999005306064328,0.5917216741117703,0.5983265082808444,0.7902746200561523,0.1537847266470929,3.8901198788641747
000132,335629347,6435102.035682102,53207.70100507809,0.5798023926836624,8449331956.227842,6.545748387593681,89.99999999770527,6.543770220863563,0.01,1.9972561514112521,0.33995243412572296,0.3318395870547822,0.4218452507717936,0.07472185150811207,4.441031308777639
000130,36694741,6687853.134538301,42805.08824034663,1.0399977946170398,5027495847.259704,2.835674605536426,89.99999998914794,2.8369902336799235,0.013000000000000001,1.9992182779305026,0.6492986462749638,0.6204606442808851,0.9999253208082252,0.06205228125915454,9.998602192980265
000131,394334615,6524041.011649827,103153.07959425826,0.6447215562446916,3059502529.909786,1.3972049177825994,89.99999998863461,4.191545705461416,0.01,1.998597686997478,0.5244605400732921,0.5433821239700847,0.6873959765214857,0.16247415608726853,3.3436484574607372
000135,229874190,6493591.68449666,43613.065663153546,1.6176702632162347,12645711850.996815,11.823508324714926,89.99999999421885,5.91372684209467,0.011,1.9998886944699903,0.9004693181187244,0.7628510115718368,1.0,0.08865718355625218,8.604665264679566
000129,801131732,7572979.829694732,62717.68951870901,0.5090040336881476,3925245299.6133194,1.623524726725265,89.99999999839244,9.72270268297681,0.056,1.9991647281292289,2.1355687379837036,2.3129245295988774,4.744179725646973,0.40442508544736777,5.7221266687174746
000141,1152812302,7196176.025475494,40922.3364957957,2.360150185051203,12106544009.908123,9.493722098631181,89.99999999620164,9.788544602776582,0.073,1.996015716103881,48.26038360595703,46.057567281813725,58.598052978515625,10.722025223535486,4.286459541281391
000142,842877396,6470726.170672301,84972.40201069841,1.0510715747749295,1644644161.219675,0.5574902714872244,89.99999998770025,4.722340555418246,0.01,1.279498298236634,9.002734661102295,9.002734661102295,10.253935813903809,1.1462082716742052,7.854444840844324
000137,79177267,5767485.1938542845,38122.520643276315,1.1660884750215545,5613139611.86114,4.17722567066636,89.9999999988823,4.177424858921469,0.01,2.0,0.8563708323259677,0.8147835759688493,1.0,0.14391229567388616,5.6616946628270926
000138,51779021,5706473.4843027005,26405.719188922874,2.511721453426166,12391302228.95236,13.921390746286498,89.99999999927424,9.810590845123457,0.01,2.0,3.6605124473571777,4.0560008179057725,7.346532821655273,0.7964767597268023,5.093762765920788
000140,903527238,6547406.998471296,437818.4166951039,0.9671931629771153,7766165940.158852,5.620369854309045,89.99999999310404,5.621832088364353,0.01,1.9946658564397488,0.508267791066134,0.528312279080481,1.0,0.033163032128604525,15.932139809569211
000146,284894657,6427494.884048969,49567.518068959,2.722348845578346,8061613982.773332,6.11123934476586,89.99999999042817,3.0556256469313436,0.01,1.9866146860074065,0.9610185543551335,0.8262662111373199,1.0,0.04723246690047813,17.494065000423753
000144,341687513,6470861.122271196,49655.48256454421,4.292690883318472,6125753339.447289,4.007329410887767,89.99999998503435,4.007129839785107,0.01,1.9950083973003772,1.0,0.9100342227797447,1.0,0.08984496201287206,10.130818619624721
000148,29562411,7428676.131844163,48490.34393892949,4.09959215931165,14847633632.109798,12.29355903571191,89.99999999533695,9.222030951220905,0.01,1.988820657150479,1.0,0.994302022904877,1.0,0.25488979058377326,3.9007627795453232
000143,354308207,6601718.442329379,79203.99244335433,1.2484879911532136,14210045673.839888,13.739363630835314,89.99999999722496,3.434837567371015,0.01,2.0,0.8140183217088873,0.7645713695459728,1.0,0.1412168598590157,5.413462503774835
000151,294840275,6437446.486796674,116172.11515650692,0.6018570964824971,2632111875.6537304,1.1374831538076067,89.9999999988997,4.701140428178148,0.012,1.9944300099736625,1.1233923435211182,1.1203602353731792,1.211672067642212,0.32226301140437846,3.4764482165852657
000150,289944925,6694477.504784782,31816.536358823563,0.6764121403775605,4079829357.9229097,2.0698881230476927,89.99999999206463,2.0704860126231797,0.01,2.0,0.4295632922520688,0.4168348534876861,0.5351437036219896,0.07076657988575819,5.889059770969807
000154,1103322087,5947835.009709483,178285.0063877162,3.8740991388047505,8749333993.80625,7.762167820903801,89.99999998232359,6.405398667724415,0.01,1.2051281972290075,1.0,0.8836592086097321,1.0,0.14558347900835095,6.068949640812176
000149,337246237,6808373.407685007,33381.934926229515,0.7943959865075564,13679650083.68628,12.390999429001665,89.99999999784664,8.796476453403917,0.014,2.0,1.0478438138961792,1.1789694905281067,1.9849761724472046,0.321821722277099,3.6634784512635186
000153,419841161,6163113.895148917,66911.05301564548,3.3545973129122157,9177008914.121813,7.905154170135468,89.99999999962849,7.904954325216113,0.01,1.9953330854004492,1.0,0.8696933499761744,1.0,0.06843078868874411,12.709130062278527
000152,28579069,7529098.585637667,35835.307719917146,2.805411498185534,4277640174.71306,1.8631627955504462,89.9999999979036,9.315866440878496,0.01,1.995957444903244,1.0,0.8408635585711489,1.0,0.1090744523652796,7.709247455322198
000156,103959618,7426675.918181527,40152.564359094446,2.377345187975772,4117085149.313118,1.795775196799112,89.9999999818794,1.7948587981086044,0.013000000000000001,1.9995598356058575,0.9787757331600134,0.8259370351035077,1.0,0.10882198587570228,7.593508998647866
000147,156507936,6261717.428573036,83088.83188151765,1.1690338155195852,9873162749.149782,8.61396593884744,89.99999999887466,2.1536270301572387,0.03,1.9999066924822222,0.6794594526290894,0.735592791348342,1.0,0.16297592667765948,4.515974421653865
000162,471015221,6653405.566349297,50694.31373426604,2.7244650505164283,3700693211.814745,1.8047520080905104,89.99999999782001,1.804982049234902,0.028,1.999968761610251,1.0,0.814147716023234,1.0,0.07477306922934522,10.883574122696531
000160,148684414,5771740.732835637,17583.849053517104,2.3620251899382008,7429416967.428017,6.353759656687426,89.99999998255487,6.355160550628999,0.01,2.0,1.0,0.8771172388782926,1.0,0.11343145548865445,7.733341762212332
000159,217978811,6752234.899154255,63425.390864623536,0.9352362501196944,2077978079.6855478,0.7427608999549341,89.99999997400978,1.4857952456792918,0.01,2.0,0.5481219870403671,0.576234683695342,0.9272334751160309,0.09511397405458155,6.059405926265139
000157,451533898,6336164.895722194,59020.83937583865,2.6821902045625183,2809568989.932048,1.2846320381670246,89.99999996023737,2.569615241874508,0.01,2.0,1.0,0.8619112432113202,1.0,0.0797720734401966,10.809848865262447
000155,73005766,5999018.752464949,91434.69726350596,4.410239445194861,11293877080.158688,11.2383656984367,89.99999998841663,2.247678778686589,0.01,1.9994525828271295,1.0,0.9457264138566107,1.0,0.15277154777344493,6.190429997248616
000167,275293861,6098479.404545762,76233.22685483632,0.8742979424734246,1465220224.6797023,0.5123667270876803,89.99999997278327,5.465940192878522,0.011,1.981946642373841,0.7699372658499434,0.7703991692186317,0.7972807523410284,0.07277085845379276,10.580421436236993
000163,86279816,6220360.272315208,47513.352245417875,1.5440212891125313,6564488860.273413,4.716686043649023,89.99999999161585,4.717031577580219,0.01,2.0,0.785020421520304,0.6996521626593193,1.0,0.045783411421445146,15.283057728560895
000168,900689200,6353730.074766256,151639.56935828022,0.579152924215511,11633663947.040625,10.779299401219628,89.99999999926338,1.006771977087714,0.08700000000000001,1.9992320814338862,0.3175196051597595,0.3275754681027675,0.44313081418594646,0.09962063584115148,3.2918098180566537
000166,284293102,6496514.470106976,64870.6788100502,1.4259882148754965,4634552806.833658,2.621501083243524,89.99999998317298,5.24311813834017,0.019,1.996521038312042,0.8582276449819928,0.7439877255053324,1.0,0.08283160671516512,8.982380352303744
000169,156939760,7105223.41660875,40696.22935423416,2.4930427626545204,1163703889.9562244,0.28837394965733587,89.99999990279183,1.153564845772284,0.024,1.9997855205579993,1.0,0.8377539950416936,1.0,0.09448512214207135,8.90211615106717
000172,192767630,6853325.048422221,41740.489821847324,1.918304280485093,9413595066.460575,7.003903885626389,89.99999999971146,9.932735741142661,0.012,2.0,0.9983544822990029,0.8734824703781798,1.0,0.13519722895620598,6.460200275069984
000173,192767630,6853325.048422221,41740.489821847324,0.7147263327459202,2455448694.2340174,0.9330463205341244,89.99999999584509,7.985388371008307,0.017,1.9942890640268278,0.4732196033000946,0.48313407599925995,0.5564742088317871,0.13520547182260853,3.572418242710906
000170,274677205,6783934.662088795,36130.106226353484,0.9648137059996508,4183989932.641059,2.107280585020234,89.9999999889462,4.215186601240212,0.011,2.0,0.531408652478737,0.5386697553091575,0.9781426814496843,0.05495162349235914,9.803083480117994
000171,173989338,6404639.174915153,53533.89250497697,1.1321213278151159,5579728280.948221,3.5378260762200324,89.99999999764435,3.5367773336019437,0.01,1.9938373658379067,0.7749005237950671,0.7517663734530952,1.0,0.14025736682320245,5.359467745925343
000175,135411351,6217776.763076411,58220.051967779116,0.9933986662134372,1559438139.454463,0.546460082632334,89.99999998727047,1.0929318015577605,0.01,1.999686142795199,0.8285212462316985,0.8416468425644539,1.0,0.21239299907466389,3.961466692627333
000179,376718305,6205425.4254872175,140163.4900797449,2.306734217958076,9426332877.66323,8.145461988925627,89.9999999990016,6.798885287766829,0.017,2.0,1.682591736316681,1.682591736316681,1.7837954759597778,0.355460482501752,4.728288155440909
000174,217329125,6629155.841374806,56335.42631326217,0.7647579782876073,5985276856.131884,3.7324837633913024,89.99999999838056,3.7329886398696916,0.011,1.9992337174419748,0.541306667420498,0.5383982526215967,0.724678626995837,0.12171211850466125,4.422651418088553
000178,434196824,4964049.144108202,52533.92066324811,3.392104463790898,5304203283.728556,4.805460765949562,89.99999998744761,9.613948857579164,0.011,1.9902706229043823,1.0,0.9258060575984185,1.0,0.1499196878820604,6.174955105340837
000177,841203288,6082366.949731305,67619.07693116504,0.8983173288216596,10534746084.438152,9.917131830822516,89.99999999803745,9.921569101781975,0.01,2.0,0.8672837302176846,0.8536284581994973,1.0,0.20568539717714462,4.1500349814574395
000176,307982318,6124291.263144165,121046.57475100749,4.49066211996512,5955568688.587893,4.172150880208228,89.99999999252329,6.953574458699697,0.01,2.0,1.0,0.8855149833432965,1.0,0.061283635450528826,14.45232166302548
000182,2028639478,6683571.321660828,75934.73024818559,0.8223192893224011,10795161621.13894,8.930787322494721,89.99999999967818,2.7676451411793237,0.01,1.4242987667117966,6.047661781311035,6.047661781311035,6.2602410316467285,0.7880848020859904,7.684133509193108
000180,2028244270,6574438.881536262,147687.12906194196,0.5000548305261193,13424483794.30266,12.69454847057474,89.99999999855115,1.8585506516916577,0.017,1.9988197013789408,0.8161454796791077,0.8249234286221591,1.0567679405212402,0.24723036317986943,3.3368260278595647
000165,229673607,5737867.09781195,31963.323764954057,1.502897536737302,1185362687.0969932,0.4085169263796213,89.99999993918938,2.451039265538838,0.01,2.0,0.9026273194788009,0.7866313168408595,1.0,0.09714752853269225,8.101004317696617
000183,376362649,6403015.428496971,72069.3861600183,2.642716092802446,10466075574.979721,9.091967643488198,89.99999999899207,9.088156943539834,0.013000000000000001,1.9914187891400372,1.0,0.9189270894093319,1.0,0.167794742223525,5.475991743726928
000184,137967729,6443514.791615752,53512.674039422796,0.8920549994277576,3852558075.6313777,2.0114000236933287,89.9999999874269,2.0108088432108038,0.017,1.9994359002647828,0.5020218726066192,0.5160417676991844,0.9265441609856504,0.05599589418780413,9.216798361851719
000185,269020902,6382205.589447906,53942.41347668508,0.7038472974931916,11765338717.795555,10.889535912682248,89.99999999916137,9.72270268297681,0.01,2.0,0.4191275789201101,0.39358578684212087,0.6158860159529577,0.06063737961469542,6.4904344283249795
000187,274271189,6452352.378982455,71460.8693335557,4.226587923881504,1773655203.232861,0.6270260502972812,89.9999999363354,1.2551077075971255,0.029,2.0,1.0,0.8995062434584985,1.0,0.07620998076873989,11.867215117484859
000181,5392904,6758990.816509485,57176.28685642788,0.523182462445078,15244647525.243101,14.737105780526575,89.99999999828631,2.566726413715828,0.011,2.0,0.4454600214958191,0.4720731874306997,0.5848158597946167,0.140184551469687,3.36819565122902
000189,1001172297,6433600.705306247,48132.366992447816,3.2141912831782267,13334256832.072685,12.981682196141229,89.99999998860501,6.492446843248093,0.013000000000000001,1.9851490752885192,1.0,0.8217927461575651,1.0,0.04629597076367482,17.749801569878553
000186,24055062,6983226.626171399,72850.06340996968,4.986871192031116,12091224866.21149,9.912430303296473,89.99999998627575,9.932735741142661,0.01,1.9701612554575376,1.0,0.950860904500942,1.0,0.16500157123193682,5.763249559366925
000191,213230879,6421255.371624978,61218.74948047526,1.441829030799159,3599231332.0655394,1.8257597662088871,89.99999998898022,1.8295114192849795,0.01,1.9989218804509297,1.6165241599082947,1.6094938665628433,1.8756436109542847,0.4475513162292274,3.596712353551094
000192,1911836781,6431813.2583651515,59634.67653621094,0.7265201008549935,11283501071.319407,10.109381271159293,89.99999999776708,1.65895231671683,0.052000000000000005,1.9996304060575572,0.6696805059909821,0.6863590366310544,0.962103009223938,0.20563190631551437,3.28784891251362
000202,900689200,6353730.074766256,151639.56935828022,0.8520145417725076,7066606946.533548,5.1030775366693994,89.99999999990544,5.103465327280478,0.019,1.9975476699870742,0.49591279549134015,0.5739603848902137,0.8719777530119341,0.099585107531234,5.76294220191184
000195,130927019,6060204.272977809,16121.277024218876,0.5953809662595487,10108701612.346096,9.372837233434439,89.99999999916413,8.24089910412473,0.01,2.0,0.6530989110469818,0.6530989110469818,0.6568893790245056,0.18515989863093008,3.527072154332149
000193,305557277,6581459.683126062,51941.3554383927,0.8482270529584497,4961770193.437698,2.8479380315007288,89.99999999644693,7.119787388676796,0.019,1.9962755797833216,0.7431713735214727,0.7473852316626122,0.8818836659193039,0.22530606237410666,3.316339187480093
000200,366494784,6276705.711791198,109447.52715261721,0.7005468413013819,7361631971.877716,5.52614666577074,89.99999999511392,5.762690632832356,0.018000000000000002,2.0,0.7716971635818481,0.7716971635818481,0.7716971635818481,0.23421278786910874,3.29373794050046
000194,112533779,6529455.782929312,79991.7992043875,0.8072478902877541,4532461235.935107,2.5161966172299453,89.99999999708655,9.799561524225588,0.042,2.0,1.4114733934402466,1.5508838966488838,2.306647539138794,0.42720617471567357,3.6287167428122453
000198,277832541,5568758.468371742,29767.662565818235,2.5822055849479573,5654608990.769535,4.45169293812008,89.9999999817435,6.677615324610845,0.013000000000000001,1.9976620532273988,1.0,0.82676217501893,1.0,0.04626945668003751,17.871560406478476
000201,401283890,6514102.146057066,49684.24687237003,0.8289801379975178,9384040892.576162,7.522494782363493,89.99999999733612,7.314615463173757,0.025,1.9984095445727912,0.956040620803833,1.0442604902313977,1.676277995109558,0.22662357581368714,4.604970602976488
000199,148654362,6660658.070608174,101982.53383974968,0.8556738238133721,10244581883.42963,8.298976832381204,89.99999999705602,7.8429550584061944,0.01,1.999079061422047,0.41961022045513485,0.47278794652830747,0.8289661457199153,0.0717869284757513,6.585627199267048
000196,157328515,6667729.628169263,66018.56072573476,0.9854130389353011,993895410.9960606,0.25038191722643305,89.99999999624276,3.00450097843572,0.01,2.0,0.541046882666769,0.5497788159865036,1.0,0.04256642426506464,12.931286810244508
000206,269020902,6382205.589447906,53942.41347668508,3.3661993365434553,2508446556.33521,1.0720375516554534,89.99999993798086,1.0722306726706852,0.01,2.0,1.0,0.8700570817645646,1.0,0.07305170113563032,11.926449796311728
000204,449671297,5741897.801432355,36773.42638849618,1.7023418608531113,2297891876.9008236,1.1014634782619759,89.9999999662193,1.101571525981171,0.01,2.0,0.9921858392426287,0.8463742383133551,1.0,0.13651885815198572,6.198675075462077
000211,437143765,6501098.206951236,62095.38212081927,1.0510199806263787,3123007048.360244,1.4485659115103247,89.99999998343203,8.222380254274217,0.077,2.0,0.6638698577880859,0.6704673369725545,0.6889729499816895,0.21720090085682994,3.0828634955658187
000205,372091627,4875735.958291372,5568.8463071707765,1.0988329563245307,2286103635.2062955,1.396826634715472,89.99999998020033,1.3966589738723192,0.01,1.999978515465739,0.8337525454667212,0.7583565141079843,1.0,0.09132091016643101,8.305634896645364
000209,48787590,6570893.707154364,79622.39856461804,1.978726958665294,12750535389.739756,11.760204473068349,89.99999999962161,8.905995311003661,0.01,2.0,1.0,0.950257237370149,1.0,0.2265474681329062,4.19451719856039
000208,289676144,6032175.782520359,33851.714449699466,1.5689380359973326,4354568234.483283,2.668489949430047,89.99999998823702,8.003373456064896,0.01,2.0,1.0,0.968780920138343,1.0,0.28763390586478793,3.368224621907373
000207,22847876,6240680.869709632,54777.01270961659,1.0350281584630492,5567214632.7160425,3.6657925971266763,89.9999999997972,3.666404284397002,0.01,1.9967589306597704,0.6035822535803896,0.6121457930503547,1.0,0.06303799575465886,9.710178896611914
000213,149367380,5742076.385797802,18150.59196904296,0.7978127657295152,1583053644.1926143,0.6297945581607625,89.9999999874429,1.2593503173216867,0.01,1.9989856658558063,0.5193672786013669,0.5418402188680771,0.9364161643663561,0.06352880648763715,8.532451610971252
000215,953067447,6850559.233019683,832067.5105820316,0.6060935128939108,14248244540.900852,13.050041897408793,89.99999999845316,8.89598295988734,0.015,1.9992209525908067,2.799556016921997,2.799556016921997,2.799556016921997,0.8363228257686357,3.347184621635537
000212,202440506,6479419.235465609,41440.89077390115,0.8558698145133755,1725028868.5384073,0.597653316926849,89.99999999216045,1.7928409712556441,0.014,1.9999705493486928,0.4949798512661032,0.5002510157097622,0.8617992261143349,0.05459960863777216,9.168440108395117
000214,156170444,6464930.037330499,58088.10777088678,1.6457483819832948,12489197767.451595,11.681940081682674,89.99999999562341,5.841004525802528,0.01,2.0,0.9491328386535807,0.829226753257034,1.0,0.1257954709254166,6.591325263938413
000217,283063053,6509448.183336608,52084.559380414474,2.521719359981888,2920617985.427036,1.3075393744742485,89.99999996059105,7.257246277084138,0.019,1.998902641090102,9.202892780303955,9.885580317179363,16.67633056640625,2.485060199106202,3.979162338189752
000218,51779021,5706473.4843027005,26405.719188922874,2.8612053489706923,5672464759.99721,4.311862553158186,89.99999997625238,7.506326568655446,0.031,2.0,4.521155834197998,4.708329366601031,10.379573822021484,0.7956144382023307,5.919191197237225
000210,283063053,6509448.183336608,52084.559380414474,1.0272804059245702,2724989559.89619,1.1783923296714283,89.99999999487201,7.257246277084138,0.019,1.998902641090102,9.202892780303955,9.885580317179363,16.67633056640625,2.4863573411795015,3.977091174671496
000222,166532159,7923807.63330141,25680.39341892545,1.7822884170248616,16520752385.630379,13.097932617872901,89.99999999677948,6.551135177088327,0.012,1.9751032022405681,0.8735650972253648,0.7766710016178286,1.0,0.0317397166965296,24.478931080885335
000190,357686299,5891164.532586236,39036.71315701079,1.5570779003939381,6900660962.7208,5.515605700963472,89.99999998715423,5.515349441892861,0.051000000000000004,2.0,0.7521048979332803,0.6630772806346089,1.0,0.03387451086342132,19.58055051805059
000219,48787590,6570893.707154364,79622.39856461804,3.906859122414477,5497233670.67079,3.3291896681434356,89.99999995935833,3.3283397382038644,0.01,2.0,1.0,0.9760089260732895,1.0,0.22662357572854624,4.305667506296462
000224,219472741,6734572.444777768,94400.58796842594,0.8977845844926892,9326525701.228537,7.090448349364354,89.99999999949311,7.087824340524918,0.018000000000000002,1.9995378809320603,0.5642280260161621,0.5741930882640832,0.8721002789570252,0.07520420846451102,7.635982858647986
000225,97173520,6919607.598290301,55660.62847706795,0.9964253605883293,13059446587.76466,11.280383487850278,89.99999999848355,6.213783691495474,0.011,1.9961281000246354,0.7285267147859236,0.733047293317403,1.0,0.1521765186317219,4.816669771209789
000226,101414764,6581018.603655279,47506.01766133044,2.1267088683184756,10778025117.601555,9.118596816364763,89.9999999958786,9.118877417004871,0.05,1.999755942376327,1.0,0.8736240787570221,1.0,0.13789160828737565,6.335531649200418
000234,802158439,6603553.760447293,118231.25762483019,0.7131087608522615,12477643112.673557,11.30033106291681,89.99999999964854,1.7847923232884257,0.01,1.9709064191986914,0.5641655592938636,0.5641655592938636,0.5641655592938636,0.0006327347009289948,894.4367629585753
000233,349673322,6299168.508515499,64923.17400391742,0.5400054570294215,7971154432.076089,6.193211329794076,89.99999999958298,1.0343215983117198,0.045,1.9961438349069005,0.23062005639076233,0.23062005639076233,0.25928425788879395,0.06364833716475143,3.629192305107885
000231,157328515,6667729.628169263,66018.56072573476,2.985098210121323,9832730314.234728,7.791177958218928,89.99999999823608,7.7902000024806854,0.032,2.0,1.0,0.7994250656980352,1.0,0.029908126260315398,26.75398255931384
000227,28579069,7529098.585637667,35835.307719917146,0.6332779790923986,9235159929.914564,5.910320875340999,89.99999999818469,7.008543091687779,0.014,1.9965528883845851,0.3468995690345764,0.35041018327077234,0.39150571823120117,0.10506916818113111,3.3350041772504344
000235,272673382,6384639.131347093,130734.99124277421,2.078524295221773,9817178314.448854,8.295343804738973,89.99999999074792,8.296706284040026,0.01,1.9705882607556942,1.0,0.9565986199770237,1.0,0.23347470913615606,4.0961647282509865
000220,1816553323,7098177.212261569,38463.44504660816,0.8646890058704628,1213878134.7241395,0.30768142671344506,89.99999999571668,1.5385197571238272,0.01,1.9999695448297197,0.4649584396658407,0.4772729389674679,0.7517464467212687,0.07253581589086538,6.581620146824437
000238,275293861,6098479.404545762,76233.22685483632,0.7035444466840677,12536687278.868578,12.823328006285493,89.99999999803542,5.231335866002457,0.099,2.0,0.2383451759815216,0.2383451759815216,0.2503942847251892,0.06867122073806531,3.4671412232045955
000236,217978865,6572893.558976775,43534.596958619084,0.7034654623937207,6929385726.106674,4.709405762285413,89.99999999916572,1.569988364602271,0.01,2.0,0.4620433967129225,0.4527430748067679,0.6670663430751228,0.09866996274211236,4.590201307951662
000237,154567033,6463181.09846594,58984.10073144083,0.5884837385536208,13534391226.31953,13.184009456068264,89.99999999782415,7.904954325216113,0.01,1.986723238902672,0.38299477100372314,0.3792043394512601,0.5570722818374634,0.0944877062422575,4.013541996052938
000228,45163849,6244493.074757641,54696.18808007873,0.8609282059328502,5842950569.0516615,3.9378705928025517,89.99999999434563,3.935655698442211,0.036000000000000004,1.998640797853847,0.8822391121940221,0.8881727397256555,1.0313512643603377,0.26433238674018217,3.3586760349108156
000241,449144508,7645097.520963646,34804.84581296593,1.0766251614406168,1823480393.0602918,0.5067993003914879,89.99999997096555,1.0135898138491046,0.01,2.0,0.6693487154259952,0.6930671435449038,0.9631384298987135,0.1470375027289146,4.71129042913297
000216,237104515,6815381.801418176,70574.48280357092,1.054606628814476,5559129820.063801,3.2050428701963063,89.99999999054657,2.136735939917054,0.02,2.0,0.78955015688983,0.7955418881964627,1.1208400651812553,0.19771551931052483,4.024101470479903
000243,289944925,6694477.504784782,31816.536358823563,0.6095419563641692,13919412675.20217,13.044133669237468,89.99999999982819,6.5217249942157665,0.016,1.9979640067648756,0.35939155239732656,0.35026570345200747,0.521399017616607,0.07037105765271703,4.977068577674571
000244,26691554,7390950.521477846,51129.21529752491,1.2551059026227762,2640246228.1332517,0.9289131441145466,89.99999998516157,1.8606424342159853,0.1,1.9999761305332087,2.51448130607605,2.553810917820169,4.648075103759766,0.5797659019507049,4.460222323760504
000239,31631062,6522985.844814458,55696.898196271686,0.8751582727001618,14404834526.647873,14.27748329733861,89.99999999654598,6.922357594611233,0.01,1.9860489396974415,0.5025431848404955,0.5172621314402648,0.8876363223302455,0.07910527144779532,6.539485895418927
000245,366681966,6618861.309722369,50053.79245816616,2.1327080160638427,13551494929.06856,12.74573231007436,89.99999999348474,7.481038597820103,0.019,1.9974384033575143,0.9891666436378772,0.7933780023427078,1.0,0.0849426334487503,9.341313766962651
000240,403995834,7088966.133343456,36071.22847178663,1.651233452779669,2277717059.9611006,0.7923812929571332,89.99999997613392,4.75432013745992,0.014,1.9998450434562052,0.7866547643642254,0.6996263875447302,1.0,0.037425334471964486,18.71396951166042
000232,199574211,6750745.948235559,33059.27510002741,4.267185429934774,14650289087.69019,13.90914867725943,89.99999999230135,3.8050599589781537,0.027,2.0,0.8168090581893921,0.9307612118598966,2.8546535968780518,0.19189954839009124,4.846784030403068
000246,2733719,6479324.2275771005,56124.09398120333,0.9661231921297628,3622555244.108808,1.8188080217731029,89.99999999830779,1.819250595060328,0.01,1.9983444355294404,0.8745027478270332,0.8977812953610846,1.0,0.2595896684354057,3.4555907157105
000247,312026151,6093354.08725658,150055.9671257302,1.2891515203524215,3459135761.11001,1.8609113776418458,89.99999998013466,1.8606424342159853,0.01,1.9945878152575631,0.977974353589845,0.9181744241451958,1.0,0.2307265708225172,3.9791919786744194
000221,233528682,6511363.503983752,125509.03778450504,1.5120158093967926,8831157818.563383,6.87190997999644,89.99999999875702,3.9268115400534396,0.01,1.9997690781087334,0.9477647183335013,0.8917312598986203,1.5891656279563904,0.21073480375004064,4.231557961024171
000251,266594895,6451497.622103426,104184.74927642489,0.7026331498947519,5654522753.152793,3.569949115435725,89.99999999841683,8.6007900970142,0.011,2.0,0.7670956768287551,0.7670956768287551,0.7670956768287551,0.25279310559376655,3.0342907865025306
000254,56885227,6545297.698621721,48618.57198881856,0.7358758910938121,13028760833.071926,12.218544241313335,89.99999999931354,8.148720074125308,0.011,1.963926758525908,0.5205445056509277,0.43043406636547865,0.6182245141555665,0.039077169577158025,11.017221806215867
000253,389662085,6531013.934671197,79881.05269613158,0.8759705591169614,3932120435.6959114,2.0324890080428335,89.9999999992915,2.0312691120397135,0.014,1.9965730834375184,0.6575075545733092,0.6888038920807376,0.9023090750225279,0.17371337806664872,3.9644363619969747
000252,9532180,5569321.379414685,39695.005676591194,1.4860178059430211,2228671331.966591,1.101347891480355,89.99999998837977,1.101571525981171,0.01,2.0,0.8457497641578237,0.7307518264945044,1.0,0.060046610502246404,12.173358152322313
000248,1012369947,6529942.8316298835,48016.11640848544,1.0101231839841327,8421114379.004924,6.371609994301276,89.99999999651098,8.130408367887933,0.015,2.0,4.65091609954834,4.668349742889404,5.516386985778809,1.3843869192828873,3.3720789163799254
000250,219074038,6298122.432421352,80960.58507643992,1.907504377202423,14084581151.29317,14.549838092681902,89.99999999526759,7.27359140464786,0.01,2.0,0.9169446774294219,0.7596681893965992,1.0,0.04114002106890001,18.469080777617304
000257,286924740,6618316.075166643,87340.65480816418,1.0929215251682314,1591517972.179562,0.513044420428222,89.99999997919173,1.0262093211115306,0.01,1.9981089922416184,0.7082010627579912,0.7254283628901099,1.0,0.15449508329726497,4.6999083973997
000263,953067447,6850559.233019683,832067.5105820316,0.7637130013831667,12036434476.23069,10.132500866468149,89.9999999967852,8.89598295988734,0.015,1.9992209525908067,2.799556016921997,2.799556016921997,2.799556016921997,0.8362624571159766,3.3474260850092263
000264,360821180,6244883.536473863,66885.60334475362,0.8546743774354891,11017974896.241457,10.195888016932832,89.99999999600782,9.527822312358445,0.012,2.0,0.49439272611662877,0.46357187794347554,0.642938852391139,0.07229897941778941,6.411897430180264
000258,76392634,8581934.273224449,46658.07071039008,1.1724578878485827,16555319661.961594,11.657018465770733,89.9999999968961,7.143854230931982,0.015,1.9935483967098666,1.0790461301803589,1.143313329666853,1.5220975875854492,0.33207710613645675,3.4431864579513554
000262,411339897,6628237.638913725,81745.64288465444,0.8945093544379744,5647341004.538348,3.4215888132643206,89.99999999406515,8.495024410756049,0.011,2.0,0.8017551284563083,0.7704384267427641,0.8872458165351417,0.1784395072181419,4.316965476797247
000242,1201364356,6616080.722328252,167243.57102017335,1.3333806146721323,1567316794.607336,0.5016408466616503,89.99999996905929,1.0033802754129233,0.037,1.9999997541555263,0.9514650247228681,0.9420035129883257,1.644383192062378,0.2587784986193817,3.6456323724284747
000273,271387154,6424579.890257664,66841.97641415721,3.466098641798609,1287153816.9171727,0.3901552692160725,89.99999986021719,1.1705575484712956,0.01,2.0,1.0,0.9043865949491532,1.0,0.10287922899591337,8.79969001807053
000261,403995834,7088966.133343456,36071.22847178663,0.7578458737059511,12588328703.06997,10.295244469424532,89.99999999933577,1.7158902117494819,0.019,2.0,0.2959137869424726,0.30554036797866946,0.5858596815711932,0.01976537435793279,15.463275884679401
000260,87949800,6438245.41074245,67789.56411813761,0.9170998805897624,10574472234.436565,9.157895123480275,89.99999999573754,1.8315705184068864,0.01,1.9996798872382784,0.6844208769065121,0.6842997690722052,0.9825139579796668,0.1438903125602408,4.755504228887934
000259,388079618,6915322.425089557,93169.64472944482,4.017080641699376,8202551429.506885,5.620354337405408,89.9999999972151,1.1241028726213569,0.031,1.9999943353749023,1.0,0.9481741919836342,1.2648531198501587,0.21720668277459637,4.365564589706195
000272,138893463,7567153.089824461,36292.70281880615,2.9127682631932674,6022943090.325197,3.089393748547171,89.99999999615953,3.090191149932221,0.01,1.9996729346095472,1.0,0.8359861369346141,1.0,0.09154346484328743,9.133215025019892
000269,29267489,6528827.189673482,119588.73773543168,0.7285723454183931,5630332792.258563,3.4842334210715267,89.99999999904759,3.4854347867780064,0.018000000000000002,1.9992958799954492,0.5733598164531322,0.5877273043393658,0.6936282168318503,0.1719021386254706,3.4186360345235363
000274,1321954265,7260237.566449678,37332.5205347104,2.592281097248117,7084377310.747776,4.193582409089776,89.99999998781387,1.7216903932435346,0.01,1.9752043788087912,12.236812591552734,12.236812591552734,12.392489433288574,3.6925544083206536,3.313021212119862
000275,173175807,6578095.4606085,79881.67854420797,0.5007994552267975,2414220810.4528475,0.9673288279234941,89.99999998807733,8.466405627975965,0.01,1.9987199800814466,1.0208160877227783,1.0208160877227783,1.0208160877227783,0.32830980364645973,3.1093778329236295
000276,1959621869,6698687.5434548315,47468.94102024221,0.6085575844268089,14836746127.42316,14.341095282433129,89.99999999762002,1.0990960876301499,0.045,1.9999534603993883,1.2384588122367859,1.2771087676286696,1.7081825733184814,0.371428981348938,3.441565791030557
000270,1001570405,5794430.514835232,54031.84346812566,3.2147406834419985,7605759850.487827,6.542695043316578,89.99999999620742,6.543770220863563,0.011,1.997779555709864,1.0,0.8965264525312847,1.0,0.09340846970641827,9.598221761469446
000271,1510180735,7818077.848556182,32884.0444988746,3.6165258237053735,13557831702.7072,9.935604059121722,89.9999999975789,9.932735741142661,0.012,1.9992665577477429,1.0,0.9920341604504498,1.0793673992156982,0.2874066449056253,3.4510233708830134
000280,24054308,6531231.37838405,43066.15069666479,0.7646398617270356,7382554061.734331,5.228489664608822,89.99999999830813,5.225454662423436,0.011,2.0,0.44666431055298994,0.4209085991768813,0.6589161698251225,0.038176231614175125,11.026057291952581
000277,34515703,7103228.8503039945,34231.13068930708,2.1871404759071242,9914326185.261929,7.174142499895119,89.99999999281846,7.176069949861095,0.01,1.9955306459370845,0.8883224402096398,0.7325802921949011,1.0,0.03295332869906747,22.2323496264123
000279,156939760,7105223.41660875,40696.22935423416,0.5917848470752987,10773376348.557499,8.12306715664131,89.99999999719189,4.061585988376979,0.01,1.9955228869564106,0.32015526392309435,0.3237779930536341,0.4766284536361648,0.07571002561802086,4.275795738757235
000281,2053342742,6260057.457190569,117212.09350216373,0.6885331743375135,4720375883.289724,2.848762865455166,89.99999999808804,9.474385471811676,0.015,1.993859388629651,1.0707980394363403,1.0707980394363403,1.1488741636276245,0.32468695149444915,3.297846516164468
000282,88591358,4284790.3619594965,43668.31917630103,1.1282371419915092,5768748198.236787,6.796524874206567,89.99999999877028,6.798885287766829,0.01,2.0,1.0,0.9066850025282016,1.0,0.19557466650113423,4.6355649208036676
000283,825290785,6309502.867034074,72266.33921042006,1.9270941449309258,10843821416.985,9.802564899774042,89.99999999985143,9.810590845123457,0.017,1.9582251533459036,1.0,0.947954252630038,1.0,0.2164708556778426,4.377080340525415
000255,424461085,6257716.01106369,65519.42415163509,1.8295086111787495,12749894528.853895,12.653043977318154,89.99999999368553,6.326630161784,0.02,2.0,0.9783396518428732,0.8431130446773765,1.0,0.13831549258376058,6.0957608882182965
000278,24198408,6499712.637303933,123227.52973723796,0.9782930428861464,10640457576.85194,9.112931940141593,89.9999999958852,9.592344506753546,0.016,2.0,1.126290202140808,1.1380112171173096,1.3922593593597412,0.3287521742431659,3.4611002455998348
000284,320332794,6457885.708083023,51710.09100852233,1.5333451848435549,5350652940.743047,3.281206368269353,89.99999999748347,3.2800230298741746,0.01,1.9982927265666357,0.9062733886191348,0.8164042773781195,1.0,0.11355929199768616,7.187308833269479
000286,351918143,6376536.575581064,59799.89552624556,1.1320198679142268,9334694289.273905,7.706049079255378,89.99999999480633,3.8524341345373423,0.01,1.9993145655812656,0.6939923382270845,0.691809723603265,1.0,0.09676233772418215,7.148982545580872
000285,1509273062,6113657.380329228,113995.94222878476,0.8030163936561203,3632711229.768111,1.9927534708335608,89.99999999553721,3.438703447050317,0.027,1.9995236817924118,1.0850992798805237,1.1440271276694078,1.4628143310546875,0.317543753926383,3.6007872406883408
000287,72983467,7040718.505089395,101519.09493044906,0.9861443664663314,5024305387.822846,2.622693113146659,89.9999999947703,2.6221736916719562,0.011,2.0,0.7201078239285983,0.7419453956356477,1.0360790491104126,0.18403156368425314,4.031005937125746
000292,192767630,6853325.048422221,41740.489821847324,4.397019386124529,6709873953.086563,4.214814361912071,89.9999999643872,4.215186601240212,0.01,2.0,1.0,0.9468294881859558,1.0,0.13583829046504542,6.96990573661763
000288,297877352,7128320.738433287,55954.29575444019,0.7422788290598544,3576435731.4532247,1.546157364065754,89.9999999956503,1.5471972207106828,0.01,1.9995228820220179,0.5375518673539238,0.5565882799775973,0.7587427496910095,0.1681001624635233,3.3100424902843217
000290,289676144,6032175.782520359,33851.714449699466,0.5015222097804575,6590515406.630156,4.968519407834178,89.99999999842173,2.306588913552759,0.03,1.9986444830197427,0.9513763720169663,0.9517685424691688,1.296381637454033,0.2868345522372275,3.3201504169446743
000291,173989338,6404639.174915153,53533.89250497697,1.7512178608200628,8859244736.350409,7.078022712876613,89.99999999734364,7.079856024410889,0.01,1.9572846487870301,1.0,0.8523709714469887,1.0,0.14035328544772813,6.073533768280907
000296,1361678528,6475793.387657205,49438.59864738099,0.7899203866457981,12976677721.445229,12.341407905019945,89.99999999976352,1.273596197610149,0.057,1.9999559265148115,1.3361676335334778,1.391852182149887,1.8808252811431885,0.41263377456142547,3.3752404008951316
000293,100603346,5729592.91382456,30750.002103340496,0.96121699728226,1488872737.26935,0.5763145987027981,89.99999997599122,1.1522679782276708,0.012,1.9997434174870503,0.6056532466969791,0.6042937008840162,1.0,0.05377055401490753,11.25056956875302
000295,855710135,6789916.403034563,213771.06210058695,4.025452416039946,13980048103.069437,12.85361424333216,89.9999999970102,6.427050679350898,0.01,1.9994927896265733,1.0,0.9987705990970935,1.0600930452346802,0.3097528711785153,3.2233904928863444
000294,23345982,6825941.500833564,45208.26174108214,0.6085711891703127,3676465339.165825,1.7197320104048126,89.99999999079634,1.7197548242106773,0.013000000000000001,1.9990519560881608,0.4758049344318632,0.48596841369133714,0.5624009700197372,0.14864934547979583,3.2689337349942282
000298,435229564,5124596.260509136,37368.96134793785,1.2162237499257176,8255915303.625597,8.896460701219075,89.9999999957427,8.89598295988734,0.01,2.0,0.883956629915398,0.7876278934382193,1.0,0.08575300656499005,9.183517710153412
000297,67441210,6783694.939073913,72668.73577825614,1.2970726510252515,15202339179.55432,14.595704650656904,89.99999999821031,7.298178146836641,0.01,1.9937564368713014,0.7707164842430118,0.7606194973087854,1.0,0.13255800935764053,5.7376903986216234
000303,119956431,7674418.595196057,32250.10414688279,1.877423194276804,8575905999.170696,5.1393796046293945,89.99999998773943,6.369473956282043,0.01,nan,0.6006399964239417,0.6006399964239417,1.0,0.034774463132912894,17.2724448434534
000301,466199456,7373678.432009885,81843.22317452135,2.0600840496863357,4684528663.820219,2.2030860690777176,89.99999999779766,2.202626647843547,0.01,1.9984341423458138,0.8479098968839646,0.7174368537763032,1.0,0.033444706923653054,21.47581005831776
000300,415714190,6771191.078798497,78471.1602661896,1.1198114775196382,12736573762.763258,11.22380784209715,89.99999999887574,9.006740704326777,0.01,2.0,0.7319059765027249,0.715421184813154,1.0,0.1263243121023381,5.66301983299752
000308,349323840,6547414.01366033,69175.44959459352,1.7798415727367722,10037636618.57211,8.258504369268639,89.99999999460056,8.259459663041133,0.01,1.9964085082341212,1.0,0.9889702982314748,1.0,0.303815834485217,3.254164253748077
000309,421809465,6730108.4307156615,36298.93838981164,0.7714613177699575,2803793827.7161994,1.1698897214354371,89.9999999858511,1.1705575484712956,0.014,2.0,0.48263165759077387,0.4704445838158168,0.7108077791083036,0.08822079972250185,5.330020701418385
000311,344984889,6253116.100904403,117640.53332574692,1.0710626867776922,1411147870.5488539,0.4664154768660661,89.99999996577557,1.39980459801395,0.011,2.0,0.998671566787126,0.9851887021066487,1.2979711294174194,0.3004367916735557,3.2770614448253763
000302,354308207,6601718.442329379,79203.99244335433,1.5340461110922312,4962797855.447491,2.8357196063581727,89.99999999378801,5.672650518820782,0.01,1.9998412863085662,0.9038878582035825,0.8079891467450604,1.0,0.1426705862110604,5.662820564777483
000310,284566548,7811746.44257526,26538.24479086042,0.7405033601295036,6696524203.307864,3.4531135614141055,89.99999999638202,3.454210524903486,0.01,2.0,0.31539435857327547,0.3400281336332419,0.5466367595424397,0.0751720101290728,4.52356737473145
000312,335476791,6561205.220834476,42519.771318607425,2.0639146531623562,13914228013.093128,13.436066522991457,89.9999999961999,9.646446652523542,0.01,1.9977752909219852,0.9851551268514178,0.8394953953544552,1.0,0.1385484975442431,6.058848641803095
000313,405631112,6558987.055900685,40638.634853409516,2.433381529783803,10988495533.36756,9.434330745101686,89.9999999885127,4.717031577580219,0.012,2.0,1.0,0.8875870397584319,1.0,0.15555770090125692,5.705654365522336
000316,274271189,6452352.378982455,71460.8693335557,1.2550775442684046,11482233701.726177,10.328122046683768,89.99999999969548,5.91372684209467,0.01,1.988352377236119,0.6777922061255413,0.6427411834393241,1.0,0.05712790441085102,11.249410761102517
000315,425639147,6188664.519336161,69345.1362934736,0.5791065055475914,2848214305.7039423,1.3583837837345571,89.99999999705976,8.01238118298147,0.011,1.996466475701559,1.3867402076721191,1.4510942459106446,1.830304503440857,0.39961916376807205,3.6313902294011484
000304,66140007,6632996.637758614,36188.20824828345,2.7457587133609818,11549995033.498867,9.996936528904406,89.99999999379958,10.0,0.02,1.999509416521668,1.0,0.9652548715311898,1.0,0.23492797754764244,4.108622010025707
000317,388818448,6598889.582475875,44384.19844291268,1.9390765788443414,8152182988.874498,5.973976245349433,89.9999999945488,5.973899862209695,0.011,1.9997811313132148,0.9912762292032706,0.833698203306479,1.0,0.09057164982409092,9.201412898932775
000319,36694741,6687853.134538301,42805.08824034663,2.0239014538890854,1894725986.2317061,0.6560673580584431,89.99999996772581,1.9682892049426541,0.029,1.9988145987483932,0.9535451360821574,0.7933311326039032,1.0,0.07129823094729468,11.152625491319306
000318,23769401,6153701.670825619,94056.28722691834,1.829226481762226,12439929256.430382,12.50492562974479,89.99999999307062,8.485474083794037,0.01,1.9992564339172267,0.9814165534632977,0.8484611551335154,1.0,0.14097559705488377,6.019120058120957
000314,309787398,6702673.517564456,89071.93801615897,1.0297341363264911,9074415975.687603,6.853538095568112,89.99999999461373,6.852631088912849,0.014,1.9987310710233595,0.8627202104317846,0.8611885063821559,1.1175559759140015,0.2286845039120522,3.7653280447387667
000324,141872267,6420166.145519549,47548.69664149376,1.4495433617971145,11015615245.459646,9.778058723099162,89.99999999900147,9.777540066836655,0.014,1.9931768314907452,0.7857454660615322,0.7162539927620739,1.0,0.06414603585286865,11.162801801892542
000325,435187907,7425547.956136816,34978.306937928515,1.8292697473128223,13291934780.459042,10.419537593509647,89.99999999401764,9.232410266503493,0.012,1.9976333467204521,0.9190701026618757,0.7859767944214252,1.0,0.10261691500515752,7.658766987210155
000322,91895178,7230964.825072988,55041.961166473666,1.6706297985481353,14694916058.80266,12.604197373079382,89.99999999943361,8.112137811497682,0.012,2.0,0.9243246832779555,0.8845483254990342,1.1017183065414429,0.20534005332424243,4.307544250211913
000320,22083201,6370489.70256208,62984.51538237415,2.360900876754006,4345265428.940308,2.450891821933871,89.99999998529148,2.451039265538838,0.01,1.9972405148321597,1.0,0.8799967598387259,1.0,0.12950233366121303,6.795044046518506
000326,219840114,7467471.99773391,44887.98994691112,3.453841346972924,9021190374.354181,5.7768923132259085,89.99999998005943,9.0575399638983,0.01,1.9997968196393028,1.0,0.8138189776299961,1.0,0.05878867179311764,13.843599804055419
000328,43910120,6536765.38126706,70506.06079240004,0.9782092705042674,6011046863.016806,3.836539984368267,89.99999999300496,7.506326568655446,0.067,1.9993617013666187,7.080352783203125,7.5123189617605775,12.408174514770508,1.7182607060715163,4.37313007817773
000329,928702127,6516119.483580955,33237.738328572406,1.2219492875330134,7477192313.552685,5.347898693799133,89.99999999266863,1.9137090733770232,0.01,2.0,68.56316375732422,66.15409978230794,78.28014373779297,15.76589819693572,4.196590526130288
000327,101414764,6581018.603655279,47506.01766133044,1.4899335678121752,1255084011.6081123,0.3623501306913494,89.99999998429746,5.435284439134438,0.01,1.9952684159446061,0.86422165486142,0.8174000897291689,1.0,0.14434726840840514,5.662746380890019
000331,217978811,6752234.899154255,63425.390864623536,2.68116715069297,12470019561.789886,10.919136446353408,89.99999999748962,6.837231938333148,0.01,2.0,1.0,0.8364821925932042,1.0,0.09438748815601095,8.861609143235015
000305,233197921,7098142.3419075925,103319.85849216928,4.305955796084866,2900901579.818434,1.1366881691976432,89.99999994080535,1.1368188220557747,0.098,2.0,1.0,0.8382879984243765,1.0,0.06553989752142922,12.934385722266205
000330,344130696,5182527.958796194,25274.381990615304,0.6145937857895606,3052634112.6967688,1.9667925444163867,89.99999999085259,5.900437585902844,0.017,1.9983360692282426,0.5762013885559617,0.561074454234533,0.8368736463790429,0.12326582154141405,4.55094423704792
000323,335963647,6551528.231745792,54653.36413922621,1.2402156033149017,6368797782.08901,4.169953081898165,89.99999999697854,1.0424980037945302,0.011,1.9997278832510919,0.8193811227238152,0.7895029800151983,1.0,0.16385949646129888,4.818354558518648
000333,289676144,6032175.782520359,33851.714449699466,0.7691600494606219,5528318003.61896,3.817134354944718,89.99999999589858,8.639575971890253,0.021,2.0,0.9888871405273676,0.975410735035049,1.0757382288575172,0.28690193175630807,3.399579051757491
000335,90884697,6904376.522695246,120876.4432977779,0.961298372467503,11641183342.439137,9.525063888830825,89.99999999602005,9.527822312358445,0.01,1.9957251867593873,0.585351189130835,0.6461289953938635,0.9303009024286051,0.1233359538937964,5.238090203249519
000337,16992652,6648103.522230043,45146.51638224488,1.827428689446295,3337386326.985038,1.5474690349365459,89.99999999594901,1.5471972207106828,0.01,1.9992513816956226,0.8756238859433847,0.7417060458788772,1.0,0.07744701938656545,9.582875126674903
000339,294728980,4487337.650636219,78479.81951323844,2.363557843794767,1803160065.7019548,1.1082231068074362,89.9999999974038,3.3245979322709407,0.02,1.9996026430254292,1.0,0.8963086715784163,1.0,0.10327514274599092,8.683368654914801
000338,356502320,6584621.153492587,50056.44703469769,0.8917195620178173,1457721840.6959887,0.4531841437395926,89.99999997674607,1.3594583335955464,0.015,1.9993877805066393,0.47315622347726605,0.4910717937945336,0.895097321003731,0.035414551234358105,13.902697958508618
000344,362023614,5853700.381147667,71581.93696391124,4.2623422083663955,7268624074.038014,6.019930567666276,89.9999999975866,6.021124079191009,0.01,2.0,1.0,0.9281148848281312,1.0,0.10470214084493368,8.86539527340246
000343,203054851,5279065.058058949,64401.50064701519,0.7553527925410732,8555672650.414877,8.976450129780867,89.99999999742704,1.0770659731767294,0.063,2.0,1.287526935338974,1.3325118738983837,2.2006269097328186,0.3893920104072669,3.419875441215912
000342,103570864,6454299.831211586,79495.87276457125,0.5762170977763075,9295207990.077375,7.5192386267086695,89.99999999901607,3.8524341345373423,0.011,2.0,0.6542517691850662,0.7225109428788226,1.079147431999445,0.20134030159851582,3.588390413160391
000346,371293993,6396751.641727527,74368.65189525318,3.1960666935903435,5830616525.644082,3.786093972887645,89.99999997000323,3.787977803563931,0.014,1.9917580022847559,1.0,0.9157556336158973,1.0,0.14938932437445304,6.1297882420145315
000352,366494784,6276705.711791198,109447.52715261721,2.6567365136287746,10974484260.538527,10.058597590757913,89.99999999541522,5.029379547256723,0.01,1.9883582323580187,1.0,0.9673749609718473,1.0,0.233991341001335,4.132981775472075
000345,402959206,6566192.176063411,54965.5175874924,0.6011748686377651,12707422898.221611,11.713178058973906,89.9999999985389,5.284565459911452,0.027,2.0,2.013557195663452,2.247866462016928,3.5314126014709473,0.5265237556617727,4.26947052341338
000341,274239484,7096062.69539863,41537.06792720404,3.0477956278540983,6241764130.799267,3.589167843225708,89.99999998018446,3.588876186963122,0.078,1.9999359986515972,1.0,0.7971746678472,1.0,0.060727770124328895,13.136952086281143
000350,349948660,6426474.841200671,56227.11768952875,1.289721106941519,8388427657.0950365,6.4881447735222535,89.99999999344155,1.62204727456703,0.01,1.9995815287488412,0.8109638298598739,0.7931046043484524,1.0,0.1465013004776477,5.412365667878328
000347,425639147,6188664.519336161,69345.1362934736,2.3754258879315553,2538470749.377751,1.142935542300063,89.9999999843365,1.1432306369756444,0.013000000000000001,1.998876816851303,1.3220494985580444,1.3831298528662221,1.7734653949737549,0.400329806345388,3.4467643930759624
000348,449671297,5741897.801432355,36773.42638849618,0.5026671264535818,11683011636.900694,12.627225337471073,89.99999999792082,4.4191082085789715,0.01,2.0,0.430611252784729,0.44793416857719426,0.5208991169929504,0.1341252183541501,3.3400706589959848
000354,154753360,6426576.0169396885,56912.06681597642,1.217247412840266,11210305158.071497,10.023412025674071,89.99999999980811,5.012436132638715,0.01,2.0,0.6081867250504279,0.671920790530394,1.0,0.08208252309973825,8.180917087957095
000353,26167085,6436435.32695056,58449.59831129163,4.981277758725849,14490928413.626595,14.697216985548213,89.99999998129152,6.730402475765153,0.011,2.0,1.0,0.9382400378409892,1.0,0.12233468021079433,7.668793628935953
000355,148684414,5771740.732835637,17583.849053517104,2.480813439665263,7272016065.233242,6.152915166553446,89.99999999339165,8.20390301976148,0.01,2.0,1.0,0.8955555380782658,1.0,0.11278989702576576,7.939685737105687
000356,1754231033,6704284.610385975,35401.36732336345,0.7538682191877184,14223790619.365887,13.444766566543102,89.99999999914846,8.148720074125308,0.017,2.0,37.8121280670166,41.24740505218506,64.1928482055664,11.269195586100652,3.6574494673950846
000340,229673607,5737867.09781195,31963.323764954057,0.8137535820385702,4055428462.393176,2.585165160402271,89.99999999459737,7.755227253408424,0.01,1.9996240787010022,0.6189754426822958,0.6119718072747702,0.9759945744343473,0.08735967136384225,7.00529828836289
000359,243247473,5853056.860033055,22312.618620150977,0.7367815661614907,9082507796.75759,8.40995086803988,89.99999999876175,8.409456978000826,0.01,1.9964810241788522,0.37796333830441575,0.39050728693497383,0.7689991858983726,0.01752921779282094,22.276467879929502
000357,309787398,6702673.517564456,89071.93801615897,3.115815728103912,4550480086.261012,2.4337313299026246,89.99999998890112,4.867963772800256,0.01,1.9999594678971393,1.0,0.9624207750015707,1.1713250875473022,0.23054554309402844,4.174231841054546
000362,283280702,5858099.605043926,109611.97576710902,1.2819571834232817,1554419712.993164,0.5946702601308391,89.99999997349646,1.1891374230417062,0.01,2.0,0.7667351937810358,0.7507230840852788,1.0,0.11053474411399618,6.794436169231708
000367,389662085,6531013.934671197,79881.05269613158,0.9313354897042364,8067093100.094731,5.97260223253517,89.99999999613833,5.973899862209695,0.01,1.984336078430523,0.7191734145864008,0.7259524465971197,0.9841729730724862,0.17363824882189252,4.180111802638092
000369,457127465,6931772.950729261,54578.06605017256,2.203250689671484,9317507617.421335,6.7801928299574,89.99999998747141,6.783606914108307,0.014,1.9941434725850318,0.9273371603788714,0.7724648212215356,1.0,0.09201153899305499,8.395487440355591
000368,212118919,6746269.237824721,39852.578625209644,0.6101332063677166,3926283299.6439137,1.9316829616130649,89.99999999232166,1.931008005456573,0.01,1.999677984164077,0.3268638206208424,0.31383260938355395,0.46667237096653413,0.056211073938844905,5.582602808897705
000374,397832671,6576646.271374069,34881.74544537868,3.570300532931226,12005488652.03093,10.730548975387308,89.99999999468339,3.5767856663179702,0.017,1.9998258966486748,1.0,0.9411360141146861,1.0,0.16886128978005058,5.571015770669033
000373,115741447,5730614.878267884,36325.85625110094,1.9448766956012347,4033751612.197654,2.5693353832154227,89.99999997323371,2.569615241874508,0.01,1.998470435905735,0.9762112686472922,0.7821516997075412,1.0,0.05985647190363682,13.068962569667201
000380,243247473,5853056.860033055,22312.618620150977,1.4414121724154512,2589222620.092046,1.2800852055066656,89.99999997106876,1.2807794557892838,0.015,2.0,0.8173248517756534,0.681392528702189,1.0,0.02093061886329966,32.620882203107456
000379,368841212,6632278.491465478,44112.84661327402,4.754280336833424,12798737670.50064,11.663139753569007,89.99999999355826,3.8872581301808897,0.01,1.9953771230771609,1.0,0.9483952340311798,1.0,0.13552402891978302,6.994737249845561
000376,1400481144,5703159.06505571,102479.95181560644,0.6850326895655167,12593474259.346313,14.27591704611746,89.9999999969765,2.55520354154625,0.017,2.0,0.7728478908538818,0.8216821134090424,1.0766745805740356,0.23483105750494002,3.499249707806637
000377,240905045,7018117.91741079,40262.72142350724,1.0496000524269753,5530540978.281564,3.04354224876182,89.99999999966123,3.0419079466187884,0.013000000000000001,1.9953448737482444,0.6725732914018793,0.6910280436899692,1.0,0.145875397434521,4.737016637990045
000378,49472361,4847178.595133762,18670.20410717137,3.731476081589298,4848556373.265232,4.352552777447108,89.99999999435562,8.707872598839767,0.01,1.9903902766596442,1.0,0.9346873039868939,1.0,0.08937969749923536,10.45824344761359
000381,454011861,6068577.285250859,1053.4285569558097,1.9812240075025989,1067202038.1609519,0.32084741341746376,89.99999990019276,1.2836640903719587,0.012,1.9998911943492923,1.0,0.8878451869610648,1.0,0.15756664902780187,5.637191812614548
000385,1358931692,5995350.258651859,44031.41683754117,0.5224192245002008,11683377139.317947,11.835583059983007,89.99999999898712,9.877027941543568,0.053,1.9967271536027735,0.4534400701522827,0.5192086895306904,0.6603498458862305,0.12948985039388228,4.001522475011603
000388,431422583,6719448.109970772,121077.60535306238,0.8308172864493589,11404125190.415785,9.619477026937089,89.99999999943229,2.8529912498092482,0.068,2.0,0.9863383173942566,0.9863383173942566,0.9863383173942566,0.3280222265400778,3.0100673726880105
000372,241182175,7500586.472579817,33916.22075422675,2.17517857896578,8097810182.608961,4.880535313211366,89.99999998946736,4.878927640609624,0.01,1.997984291799364,0.8425716923932662,0.7424053770687458,1.0,0.05790472460685132,12.823784582691555
000389,1661530191,6308768.434201193,109121.70614466628,0.9141389609337247,9852186919.241667,8.490650968832945,89.99999999774329,6.061898993497572,0.018000000000000002,2.0,nan,nan,nan,1.0709031407924308,nan
000387,440952699,5723247.1319717085,37000.60086722496,0.809311380919731,5731054759.367829,4.359603498709448,89.99999999464237,4.359858542576922,0.01,1.9978983144941065,0.5447510884667643,0.5724388374810472,0.9600391646567918,0.08469974628492496,6.758003644548446
000351,87749981,6258750.988711623,72934.5446093484,1.0201932088219503,4130090686.81716,2.3322052920299594,89.99999999323667,2.33268124789786,0.01,1.9982967559521905,0.8119997651562305,0.8028833289453416,1.0,0.18136561069077206,4.42627526256449
000366,388754258,6549206.086600429,64843.55593129855,1.0149785783787368,1295917629.7886329,0.38294994920046593,89.99999999479718,1.1483861168722649,0.011,2.0,0.9052293353373538,0.9160016144222295,1.0377116203308105,0.2724253425342286,3.3629833831337774
000371,380829785,8347621.772819135,12461.438509467356,0.5271268102313243,4565918677.072884,1.7599771026033917,89.99999999488286,5.634493855530264,0.042,1.9998245623699644,1.0257604122161865,1.0286171764135361,1.4229415655136108,0.28292979450709166,3.6349939798502335
000382,353096380,6841380.719159798,40254.856148423554,3.9472396044669464,3073182493.9637613,1.3098627480543465,89.99999999266214,1.3099199257013696,0.013000000000000001,1.9992868632059615,1.0,0.9830152758962485,1.114917698172198,0.2540526958097853,3.868526094986854
000383,24054308,6531231.37838405,43066.15069666479,0.6365581861248035,11461097785.465061,10.113596596496674,89.9999999974864,9.932735741142661,0.01,2.0,0.3608858842640196,0.3120296548903526,0.49176335578314134,0.03793126998652361,8.226022637240058
000360,26167085,6436435.32695056,58449.59831129163,0.8398461645269515,2537790833.762233,1.0771458837361592,89.99999999721472,8.87599201343534,0.037,1.9993125209268228,0.43218987613836235,0.4706300871013296,0.8623564027162802,0.12116091875737554,3.880704468729414
000364,325219117,6560827.234751596,69483.13972829566,1.014243188064463,6092387886.274485,3.8931606097306495,89.9999999916602,3.891633205251811,0.01,2.0,0.787055359330434,0.7708590605371882,1.0,0.15749785720873014,4.893320775568693
000365,892149,6449344.517073494,52344.16204591139,0.7386529993141037,12890223774.545792,12.293519198352183,89.99999999790387,6.144279072391281,0.01,2.0,0.3390309751959175,0.35708546203090163,0.638760360726655,0.02024423354228366,17.640939144901136
000384,358286922,6316453.41698465,34782.717530412134,0.8427322492918561,9374080341.537241,7.8657830705411875,89.99999999642331,1.1065391411527774,0.1,2.0,0.41875308752059937,0.44911802132569734,0.8654520089513029,0.12657780512996827,3.555342808875513
000393,357133468,6619236.309582049,139991.22158861483,1.7126136662598657,10648530937.78344,8.877314805020903,89.99999999168462,8.87599201343534,0.01,1.9582369525171313,0.9204115311959988,0.7992269467849736,1.0,0.10959937576882918,7.2917274186752365
000363,462513335,6364063.996420604,87735.48540152634,4.532624054106838,5715564474.392481,3.7029324466203883,89.99999995874926,7.405684692262436,0.01,2.0,1.0,0.9619764292431588,1.0,0.19953825143239956,4.820598152637012
000390,422609145,6861807.4698578175,48860.288414532304,0.6885043634761463,6804751180.708832,4.296546201220887,89.9999999978992,4.296567523591561,0.011,1.9994282503183995,0.5965713487822439,0.6146171642172171,0.7980594195380923,0.18704095981616917,3.283933974900082
000391,311988681,7182482.942251999,49827.88279989552,3.453378386055073,3526266925.3286743,1.4966483627481622,89.99999996046249,4.489251258218605,0.01,2.0,1.0,0.9222025119957673,1.0,0.1405191360106757,6.5625518279882185
000386,355977196,6822274.472035894,69225.21596572368,1.026886440404325,4630149389.491012,2.43252676676716,89.99999999694748,7.298178146836641,0.01,1.9995332285292393,0.8115227421055281,0.819139586560533,1.0,0.2140112879224202,3.827726577833584
000394,448865254,7160866.07860648,43683.93603271226,4.066025289888176,5101033431.78838,2.615759622018493,89.99999995896191,2.6162811743307683,0.01,2.0,1.0,0.9500788194049581,1.0,0.18747414917459768,5.068031371917574
000392,59320872,6479002.235676998,50063.3679878175,3.4089308121474575,14488361683.223112,14.548748222099341,89.99999998813146,7.27359140464786,0.01,2.0,1.0,0.9052427079029672,1.0,0.11763039151582141,7.694733605103013
000395,54660667,5699693.166173562,51794.61928094996,1.6702531316936107,7018315572.33738,5.94471484249975,89.99999998868394,5.947081076967039,0.01,2.0,1.0,0.9286626447351186,1.0,0.2204652070007611,4.211708191099662
000397,315301267,6759882.849926375,35415.94652766139,0.9086172113132124,1293912477.4669151,0.3643405429480444,89.99999999542983,1.0929318015577605,0.01,2.0,0.704245658168988,0.700147097538825,0.9037036773933789,0.15838079489573748,4.420091160933106
000399,332689126,7420908.803327934,40760.28262982879,0.8026638657378242,14258981643.888926,11.587934384769353,89.99999999867575,3.699546667204453,0.1,2.0,1.464935302734375,1.5064559552980505,1.7132153511047363,0.4307469863213271,3.4737976648296556
000398,17932208,6817792.48454437,49638.90584244465,1.0294766805630904,7415147064.283068,4.934837882666698,89.99999999793964,4.934118494296796,0.01,1.9952209403688748,0.5152987841206076,0.5856246962350009,0.9942174332629338,0.0833813985247496,7.022083608229568
